{
  "scenario": "moderate",
  "year": 2020,
  "crop": "Rice",
  "controller": "mpc_perfect_Hp3",
  "runoff_mode": "cascade",
  "budget_total": 411.4,
  "ub_mm_per_day": 12.0,
  "season_days": 93,
  "N_agents": 130,
  "initial_x1": 140.0,
  "initial_x5": 0.0,
  "seed": 0,
  "forecast_horizon": 0,
  "wallclock_seconds": 346.90962862968445,
  "final_metrics": {
    "terminal_biomass_g_m2": 938.1321982422205,
    "yield_kg_ha": 3940.155232617326,
    "water_used_mm": 411.3823092049946,
    "wue_kg_ha_per_mm": 9.577843150892324,
    "budget_compliance": 1,
    "drought_days_per_agent": 43.44615384615385,
    "waterlog_days_per_agent": 0.0,
    "pond_days_per_agent": 0.0,
    "x5_max_mm": 0.0,
    "x5_mean_mm": 0.0,
    "spatial_equity_cv": 0.0013875163137889346
  },
  "solve_times": [
    744.2340850830078,
    714.7061824798584,
    633.6450576782227,
    586.3399505615234,
    487.54048347473145,
    530.7841300964355,
    529.5007228851318,
    593.9369201660156,
    1106.8811416625977,
    677.5233745574951,
    550.4770278930664,
    644.6173191070557,
    652.7509689331055,
    720.1459407806396,
    1075.9236812591553,
    701.0409832000732,
    562.431812286377,
    6867.13719367981,
    4222.0139503479,
    936.7942810058594,
    543.3382987976074,
    1779.4225215911865,
    7233.880519866943,
    713.4954929351807,
    18083.91237258911,
    24506.07705116272,
    9664.22986984253,
    1111.732006072998,
    1717.8120613098145,
    15999.408960342407,
    14345.617055892944,
    786.4904403686523,
    679.5313358306885,
    1413.4716987609863,
    1534.0909957885742,
    8649.171590805054,
    681.8344593048096,
    540.367603302002,
    9729.732513427734,
    7016.296148300171,
    4014.4197940826416,
    9258.406162261963,
    6845.469951629639,
    665.0121212005615,
    7583.025693893433,
    648.2706069946289,
    4607.597827911377,
    1383.74662399292,
    596.8642234802246,
    510.44511795043945,
    598.4475612640381,
    574.7911930084229,
    1017.357349395752,
    1130.0806999206543,
    557.6589107513428,
    575.8862495422363,
    1487.095832824707,
    11785.47191619873,
    2427.180290222168,
    574.1755962371826,
    746.5765476226807,
    505.80334663391113,
    541.6059494018555,
    2630.9714317321777,
    8447.949171066284,
    620.6698417663574,
    1255.662202835083,
    509.52696800231934,
    516.3028240203857,
    489.943265914917,
    506.8542957305908,
    62571.76208496094,
    9312.726974487305,
    6613.9585971832275,
    17873.26192855835,
    2266.2832736968994,
    1750.2593994140625,
    5802.059888839722,
    2167.1595573425293,
    874.0100860595703,
    855.6070327758789,
    864.469051361084,
    805.7253360748291,
    767.1501636505127,
    859.7297668457031,
    809.7805976867676,
    1029.942512512207,
    1046.553373336792,
    1063.1964206695557,
    1247.2798824310303,
    1252.2907257080078,
    1319.7729587554932,
    1521.5094089508057
  ],
  "solve_time_mean_ms": 3726.409642927108,
  "solve_time_max_ms": 62571.76208496094,
  "completed_at": "2026-04-28T23:30:09"
}