{
  "scenario": "wet",
  "year": 2024,
  "crop": "Rice",
  "controller": "mpc_perfect_Hp14",
  "runoff_mode": "cascade",
  "budget_total": 338.79999999999995,
  "ub_mm_per_day": 12.0,
  "season_days": 93,
  "N_agents": 130,
  "initial_x1": 140.0,
  "initial_x5": 0.0,
  "seed": 0,
  "forecast_horizon": 0,
  "wallclock_seconds": 13076.208666801453,
  "final_metrics": {
    "terminal_biomass_g_m2": 897.0299463875939,
    "yield_kg_ha": 3767.5257748278946,
    "water_used_mm": 311.1484697232974,
    "wue_kg_ha_per_mm": 12.108450278345686,
    "budget_compliance": 1,
    "drought_days_per_agent": 13.684615384615384,
    "waterlog_days_per_agent": 16.00769230769231,
    "pond_days_per_agent": 0.0,
    "x5_max_mm": 0.0,
    "x5_mean_mm": 0.0,
    "spatial_equity_cv": 0.004000525579777224
  },
  "solve_times": [
    11859.758138656616,
    85859.93719100952,
    91715.3377532959,
    83644.47855949402,
    30624.845027923584,
    57515.188217163086,
    83940.03772735596,
    38900.19965171814,
    43539.41559791565,
    40865.22436141968,
    124829.81705665588,
    43363.933801651,
    156454.0798664093,
    116833.36925506592,
    48248.38972091675,
    20932.5008392334,
    12605.148792266846,
    25814.559936523438,
    84005.79142570496,
    110861.25373840332,
    81171.82850837708,
    47513.84687423706,
    47618.78943443298,
    234927.99282073975,
    185277.62937545776,
    20084.778547286987,
    68328.34601402283,
    157713.82451057434,
    150400.40397644043,
    60186.47336959839,
    89268.47863197327,
    76289.98708724976,
    83273.89025688171,
    24681.106328964233,
    29907.878160476685,
    115849.01857376099,
    12182.297468185425,
    145701.46489143372,
    67844.45548057556,
    85104.59733009338,
    181862.13278770447,
    48115.992069244385,
    117099.04932975769,
    165940.02056121826,
    93009.27114486694,
    19142.171621322632,
    24263.780117034912,
    92131.8142414093,
    82138.67616653442,
    63889.52946662903,
    78343.94454956055,
    21803.786754608154,
    110264.65487480164,
    20416.173219680786,
    38277.90427207947,
    79257.52425193787,
    191892.55571365356,
    126683.12311172485,
    42290.164947509766,
    1109721.7576503754,
    35724.18236732483,
    183413.82026672363,
    902471.9729423523,
    145613.45839500427,
    381431.64801597595,
    35002.864837646484,
    128859.1423034668,
    115900.80547332764,
    236085.70289611816,
    145755.7053565979,
    43352.62203216553,
    191268.97716522217,
    263790.86351394653,
    371175.833940506,
    403143.81408691406,
    387104.65955734253,
    202413.3906364441,
    252285.9432697296,
    25342.072248458862,
    15395.845174789429,
    576955.643415451,
    682779.5071601868,
    168912.14752197266,
    165020.11942863464,
    416603.74450683594,
    422118.1468963623,
    25867.90108680725,
    8148.608684539795,
    35543.14732551575,
    61873.42715263367,
    51030.44676780701,
    124500.37574768066,
    68759.67288017273
  ],
  "solve_time_mean_ms": 140601.40423877264,
  "solve_time_max_ms": 1109721.7576503754,
  "completed_at": "2026-05-06T05:54:32"
}