{
  "scenario": "wet",
  "year": 2024,
  "crop": "Rice",
  "controller": "mpc_perfect_Hp14",
  "runoff_mode": "cascade",
  "budget_total": 484.0,
  "ub_mm_per_day": 12.0,
  "season_days": 93,
  "N_agents": 130,
  "initial_x1": 140.0,
  "initial_x5": 0.0,
  "seed": 0,
  "forecast_horizon": 0,
  "wallclock_seconds": 11651.096045732498,
  "final_metrics": {
    "terminal_biomass_g_m2": 842.2008201725218,
    "yield_kg_ha": 3537.2434447245914,
    "water_used_mm": 407.8133139428955,
    "wue_kg_ha_per_mm": 8.673683089267405,
    "budget_compliance": 1,
    "drought_days_per_agent": 1.5923076923076922,
    "waterlog_days_per_agent": 46.99230769230769,
    "pond_days_per_agent": 0.0,
    "x5_max_mm": 0.04448872416273808,
    "x5_mean_mm": 0.002744803946533305,
    "spatial_equity_cv": 0.05636651784059469
  },
  "solve_times": [
    39950.359582901,
    167312.53623962402,
    15532.285451889038,
    59234.75122451782,
    119201.99608802795,
    8209.583044052124,
    62471.94766998291,
    47621.03176116943,
    10313.441753387451,
    109239.15195465088,
    10480.392694473267,
    139844.72632408142,
    118566.7335987091,
    121138.00168037415,
    10812.562465667725,
    8917.266130447388,
    8045.441627502441,
    67189.33320045471,
    71364.92919921875,
    12247.39122390747,
    25668.56861114502,
    255414.6966934204,
    11001.141548156738,
    40045.37296295166,
    13614.643573760986,
    147791.69988632202,
    318025.63738822937,
    86071.12407684326,
    10626.8789768219,
    176931.55574798584,
    22805.198669433594,
    146270.21026611328,
    20566.395044326782,
    29391.925811767578,
    28852.514028549194,
    59697.4618434906,
    98027.87804603577,
    492149.05071258545,
    69241.6250705719,
    30403.21946144104,
    94509.68742370605,
    106614.23063278198,
    144058.55178833008,
    87971.63534164429,
    66036.92555427551,
    64738.998889923096,
    145229.61449623108,
    38744.799852371216,
    109719.16222572327,
    36512.93706893921,
    126281.898021698,
    48783.41054916382,
    25280.829191207886,
    39395.08271217346,
    292514.40954208374,
    24552.7024269104,
    109190.03224372864,
    376414.3223762512,
    60061.02514266968,
    151886.52515411377,
    95108.31665992737,
    177119.46630477905,
    71192.0166015625,
    110856.32824897766,
    49653.84340286255,
    247998.59476089478,
    118706.37321472168,
    121746.82569503784,
    75413.28001022339,
    135834.6607685089,
    126220.79515457153,
    119558.50458145142,
    48960.27445793152,
    213042.71817207336,
    101342.35310554504,
    146349.8182296753,
    143786.90218925476,
    79888.74316215515,
    57175.07338523865,
    169218.4555530548,
    164239.00747299194,
    140721.32802009583,
    510647.27449417114,
    612856.5573692322,
    280828.9124965668,
    497726.4828681946,
    388579.3876647949,
    214054.6534061432,
    457475.9666919708,
    60329.782485961914,
    324016.8721675873,
    66317.57855415344,
    85034.86227989197
  ],
  "solve_time_mean_ms": 125277.30593117335,
  "solve_time_max_ms": 612856.5573692322,
  "completed_at": "2026-05-03T21:36:43"
}