{
  "scenario": "moderate",
  "year": 2020,
  "crop": "Rice",
  "controller": "mpc_perfect_Hp14",
  "runoff_mode": "cascade",
  "budget_total": 484.0,
  "ub_mm_per_day": 12.0,
  "season_days": 93,
  "N_agents": 130,
  "initial_x1": 140.0,
  "initial_x5": 0.0,
  "seed": 0,
  "forecast_horizon": 0,
  "wallclock_seconds": 7312.495020866394,
  "final_metrics": {
    "terminal_biomass_g_m2": 986.3297472108321,
    "yield_kg_ha": 4142.584938285495,
    "water_used_mm": 478.3918653742539,
    "wue_kg_ha_per_mm": 8.6593966957291,
    "budget_compliance": 1,
    "drought_days_per_agent": 4.0,
    "waterlog_days_per_agent": 3.5846153846153848,
    "pond_days_per_agent": 0.0,
    "x5_max_mm": 0.0,
    "x5_mean_mm": 0.0,
    "spatial_equity_cv": 0.0002784598074659229
  },
  "solve_times": [
    64754.345178604126,
    10113.703489303589,
    68440.17004966736,
    66282.54842758179,
    33038.75684738159,
    13761.367082595825,
    17242.326974868774,
    155213.36007118225,
    8042.6013469696045,
    19015.925884246826,
    81777.83608436584,
    24840.734481811523,
    31058.867692947388,
    39283.50901603699,
    138176.31769180298,
    26410.38990020752,
    21620.652198791504,
    140106.1305999756,
    5945.722579956055,
    12668.967485427856,
    12616.686582565308,
    67145.74193954468,
    463383.13484191895,
    5935.881853103638,
    62889.12224769592,
    71456.27284049988,
    47679.7411441803,
    198462.49127388,
    98163.7544631958,
    56529.29091453552,
    54853.82676124573,
    31061.434745788574,
    14681.108951568604,
    42433.65716934204,
    59273.041009902954,
    16161.155700683594,
    92278.0613899231,
    193771.09146118164,
    396061.97810173035,
    187832.67045021057,
    12163.99884223938,
    99685.73689460754,
    352897.509098053,
    10745.304346084595,
    45501.795053482056,
    8504.143238067627,
    44853.29794883728,
    190192.9488182068,
    59185.86707115173,
    9525.446891784668,
    40215.95215797424,
    107929.46314811707,
    94040.12775421143,
    32959.93900299072,
    7313.405752182007,
    42185.810565948486,
    22079.362630844116,
    17869.45152282715,
    149765.0740146637,
    14496.856927871704,
    121334.53512191772,
    50884.79495048523,
    170735.92901229858,
    12359.280109405518,
    43361.409187316895,
    10980.504512786865,
    11903.466701507568,
    64218.42575073242,
    22884.946823120117,
    34384.976863861084,
    54867.04134941101,
    314105.406999588,
    21221.85516357422,
    258740.91815948486,
    166620.88561058044,
    335003.2343864441,
    145218.55092048645,
    5537.570238113403,
    231506.6158771515,
    147910.13479232788,
    205232.97238349915,
    49867.754220962524,
    8212.141036987305,
    50821.47574424744,
    62717.18239784241,
    63887.11214065552,
    34036.43584251404,
    43774.10864830017,
    35312.85333633423,
    5447.11709022522,
    5581.75253868103,
    5825.935363769531,
    5205.742120742798
  ],
  "solve_time_mean_ms": 78626.65520432175,
  "solve_time_max_ms": 463383.13484191895,
  "completed_at": "2026-05-06T10:35:45"
}