{
  "scenario": "dry",
  "year": 2022,
  "crop": "Rice",
  "controller": "mpc_perfect_Hp3",
  "runoff_mode": "cascade",
  "budget_total": 338.79999999999995,
  "ub_mm_per_day": 12.0,
  "season_days": 93,
  "N_agents": 130,
  "initial_x1": 140.0,
  "initial_x5": 0.0,
  "seed": 0,
  "forecast_horizon": 0,
  "wallclock_seconds": 182.01513028144836,
  "final_metrics": {
    "terminal_biomass_g_m2": 897.5446067230805,
    "yield_kg_ha": 3769.6873482369383,
    "water_used_mm": 338.7999790122086,
    "wue_kg_ha_per_mm": 11.126586723020718,
    "budget_compliance": 1,
    "drought_days_per_agent": 50.292307692307695,
    "waterlog_days_per_agent": 0.0,
    "pond_days_per_agent": 0.0,
    "x5_max_mm": 0.0,
    "x5_mean_mm": 0.0,
    "spatial_equity_cv": 0.0014432318279497625
  },
  "solve_times": [
    679.4223785400391,
    601.8550395965576,
    800.8842468261719,
    632.7569484710693,
    659.9729061126709,
    683.9330196380615,
    549.4399070739746,
    765.1937007904053,
    588.47975730896,
    560.5390071868896,
    1441.5283203125,
    882.9736709594727,
    3962.522506713867,
    1585.1540565490723,
    10468.594789505005,
    617.6924705505371,
    743.9022064208984,
    566.5283203125,
    543.9038276672363,
    1318.3281421661377,
    517.5001621246338,
    602.9787063598633,
    541.703462600708,
    1013.8394832611084,
    1939.0041828155518,
    1225.182294845581,
    470.2486991882324,
    6451.806306838989,
    488.3701801300049,
    668.3652400970459,
    439.61071968078613,
    17702.837467193604,
    808.7470531463623,
    633.3768367767334,
    584.5513343811035,
    826.1504173278809,
    5632.256031036377,
    697.2901821136475,
    2926.152229309082,
    566.0333633422852,
    1510.002613067627,
    718.5714244842529,
    549.7314929962158,
    6584.453821182251,
    1465.2793407440186,
    650.4921913146973,
    582.6992988586426,
    606.7843437194824,
    561.1410140991211,
    2360.9108924865723,
    1989.6094799041748,
    1291.3851737976074,
    2911.5633964538574,
    6266.921281814575,
    599.7314453125,
    12513.195514678955,
    16052.535772323608,
    10248.220682144165,
    1152.482271194458,
    632.5829029083252,
    1117.0334815979004,
    3398.083448410034,
    5681.364297866821,
    1042.9229736328125,
    835.0746631622314,
    949.7673511505127,
    777.6880264282227,
    479.16603088378906,
    486.00268363952637,
    454.1015625,
    443.0510997772217,
    497.6356029510498,
    511.4619731903076,
    472.92280197143555,
    602.8244495391846,
    583.1077098846436,
    537.1055603027344,
    713.4881019592285,
    715.3329849243164,
    804.28147315979,
    637.8862857818604,
    882.3480606079102,
    1234.687089920044,
    1308.006763458252,
    1334.4764709472656,
    1205.970287322998,
    1271.4498043060303,
    1539.5596027374268,
    1529.0942192077637,
    1761.5621089935303,
    1818.7766075134277,
    1695.9826946258545,
    1782.8681468963623
  ],
  "solve_time_mean_ms": 1954.2256811613677,
  "solve_time_max_ms": 17702.837467193604,
  "completed_at": "2026-04-28T23:21:00"
}