{
  "scenario": "moderate",
  "year": 2020,
  "crop": "Rice",
  "controller": "mpc_perfect_Hp14",
  "runoff_mode": "cascade",
  "budget_total": 484.0,
  "ub_mm_per_day": 12.0,
  "season_days": 93,
  "N_agents": 130,
  "initial_x1": 140.0,
  "initial_x5": 0.0,
  "seed": 0,
  "forecast_horizon": 0,
  "wallclock_seconds": 8460.189781665802,
  "final_metrics": {
    "terminal_biomass_g_m2": 985.6226296966753,
    "yield_kg_ha": 4139.615044726036,
    "water_used_mm": 479.5919972286997,
    "wue_kg_ha_per_mm": 8.631534864315109,
    "budget_compliance": 1,
    "drought_days_per_agent": 2.9076923076923076,
    "waterlog_days_per_agent": 3.9076923076923076,
    "pond_days_per_agent": 0.0,
    "x5_max_mm": 0.0,
    "x5_mean_mm": 0.0,
    "spatial_equity_cv": 0.0004173809570531306
  },
  "solve_times": [
    13261.94429397583,
    14294.335126876831,
    27753.636121749878,
    37132.9026222229,
    50472.222089767456,
    10166.613101959229,
    106801.8889427185,
    71357.69629478455,
    12295.218706130981,
    26181.058168411255,
    47885.94722747803,
    230364.35914039612,
    317225.09241104126,
    225755.18560409546,
    14277.873754501343,
    20938.17186355591,
    86111.91320419312,
    114906.91709518433,
    109598.4718799591,
    24246.394157409668,
    68128.03339958191,
    91284.10077095032,
    393514.26696777344,
    30580.036878585815,
    60163.732290267944,
    290828.49645614624,
    82057.18970298767,
    61742.18463897705,
    85835.39748191833,
    67511.5008354187,
    93642.99893379211,
    10629.048347473145,
    28912.389755249023,
    18866.663455963135,
    34213.54079246521,
    13257.056474685669,
    192475.27647018433,
    11219.983100891113,
    243013.23747634888,
    177063.23289871216,
    195281.2180519104,
    90386.97028160095,
    427616.32227897644,
    12183.662176132202,
    7674.567222595215,
    104864.80069160461,
    65541.7172908783,
    76459.24520492554,
    18013.158321380615,
    68453.91154289246,
    56152.19306945801,
    11364.489078521729,
    9176.960468292236,
    9595.511674880981,
    41328.60970497131,
    84208.327293396,
    62470.13711929321,
    60836.61699295044,
    20972.38540649414,
    28256.754159927368,
    11740.420818328857,
    21224.390983581543,
    28535.431385040283,
    16837.49485015869,
    20037.213802337646,
    11181.081056594849,
    10879.427909851074,
    106493.65401268005,
    75345.62969207764,
    73147.63188362122,
    128744.6699142456,
    235394.19412612915,
    328319.91720199585,
    123398.0360031128,
    532599.8678207397,
    338431.1509132385,
    182723.11425209045,
    172506.95276260376,
    262092.17524528503,
    172372.76315689087,
    64397.50909805298,
    168158.2326889038,
    102325.7703781128,
    26423.43497276306,
    22106.990098953247,
    35299.09324645996,
    45899.518966674805,
    27814.361810684204,
    16823.938846588135,
    16925.607919692993,
    5828.417539596558,
    4481.489658355713,
    4654.247522354126
  ],
  "solve_time_mean_ms": 90967.17846778131,
  "solve_time_max_ms": 532599.8678207397,
  "completed_at": "2026-05-06T12:57:33"
}