{
  "scenario": "dry",
  "year": 2022,
  "crop": "Rice",
  "controller": "mpc_perfect_Hp8",
  "runoff_mode": "cascade",
  "budget_total": 484.0,
  "ub_mm_per_day": 12.0,
  "season_days": 93,
  "N_agents": 130,
  "initial_x1": 140.0,
  "initial_x5": 0.0,
  "seed": 0,
  "forecast_horizon": 0,
  "wallclock_seconds": 1969.9936246871948,
  "final_metrics": {
    "terminal_biomass_g_m2": 1001.8458235235578,
    "yield_kg_ha": 4207.752458798943,
    "water_used_mm": 477.25987336423503,
    "wue_kg_ha_per_mm": 8.81648069245426,
    "budget_compliance": 1,
    "drought_days_per_agent": 3.269230769230769,
    "waterlog_days_per_agent": 5.7846153846153845,
    "pond_days_per_agent": 0.0,
    "x5_max_mm": 0.0,
    "x5_mean_mm": 0.0,
    "spatial_equity_cv": 0.0020697293491268548
  },
  "solve_times": [
    3154.9463272094727,
    3279.3071269989014,
    5115.95892906189,
    4395.61128616333,
    6235.405206680298,
    3663.431406021118,
    6351.450443267822,
    8959.659814834595,
    16678.639888763428,
    19465.946912765503,
    4425.023794174194,
    28109.33518409729,
    29081.077575683594,
    23972.28479385376,
    12234.90285873413,
    23762.629747390747,
    12904.252052307129,
    37670.16077041626,
    32121.819734573364,
    10758.793830871582,
    16806.62250518799,
    11753.101825714111,
    14091.800689697266,
    1921.062707901001,
    38879.9524307251,
    12950.759410858154,
    2706.441879272461,
    26748.575925827026,
    1664.6296977996826,
    2026.2479782104492,
    15289.68620300293,
    2170.4604625701904,
    2354.4607162475586,
    9905.738592147827,
    9011.500120162964,
    10209.76734161377,
    42527.00662612915,
    24165.14754295349,
    9079.210042953491,
    2029.5405387878418,
    1991.2045001983643,
    22675.34589767456,
    36916.03922843933,
    8711.703538894653,
    15611.052989959717,
    18224.708557128906,
    18150.076627731323,
    2192.70396232605,
    14319.353580474854,
    15756.7138671875,
    3113.1443977355957,
    17740.6063079834,
    17202.16965675354,
    1710.1891040802002,
    1765.7411098480225,
    15372.721195220947,
    2139.624834060669,
    3210.9768390655518,
    29527.867794036865,
    18496.477842330933,
    29128.36980819702,
    23993.319749832153,
    19561.805725097656,
    93323.92501831055,
    74489.5281791687,
    159308.74633789062,
    3420.6573963165283,
    149115.07105827332,
    3222.5594520568848,
    48564.112424850464,
    14242.766618728638,
    66564.31198120117,
    12872.734785079956,
    76718.31035614014,
    62915.57693481445,
    50673.948526382446,
    44870.168685913086,
    16363.65556716919,
    38533.541202545166,
    2200.3228664398193,
    4838.89102935791,
    16802.226781845093,
    16410.804748535156,
    5742.188453674316,
    10606.640577316284,
    13607.604503631592,
    3318.563222885132,
    17340.895175933838,
    6356.762886047363,
    12386.27028465271,
    33095.85452079773,
    11758.995294570923,
    14035.730838775635
  ],
  "solve_time_mean_ms": 21181.13584672251,
  "solve_time_max_ms": 159308.74633789062,
  "completed_at": "2026-05-06T07:01:27"
}