{
  "scenario": "wet",
  "year": 2024,
  "crop": "Rice",
  "controller": "mpc_perfect_Hp14",
  "runoff_mode": "cascade",
  "budget_total": 484.0,
  "ub_mm_per_day": 12.0,
  "season_days": 93,
  "N_agents": 130,
  "initial_x1": 140.0,
  "initial_x5": 0.0,
  "seed": 0,
  "forecast_horizon": 0,
  "wallclock_seconds": 3951.248675107956,
  "final_metrics": {
    "terminal_biomass_g_m2": 784.194552899166,
    "yield_kg_ha": 3293.617122176497,
    "water_used_mm": 478.3962849797876,
    "wue_kg_ha_per_mm": 6.8847046383640995,
    "budget_compliance": 1,
    "drought_days_per_agent": 0.0,
    "waterlog_days_per_agent": 63.65384615384615,
    "pond_days_per_agent": 14.876923076923077,
    "x5_max_mm": 45.09387662246995,
    "x5_mean_mm": 2.080688948630717,
    "spatial_equity_cv": 0.04258029687452786
  },
  "solve_times": [
    89424.71742630005,
    54939.51749801636,
    111511.36064529419,
    38937.99543380737,
    175953.1753063202,
    11214.970827102661,
    99957.48567581177,
    80866.72616004944,
    132102.40697860718,
    50941.15471839905,
    74998.28100204468,
    37705.15418052673,
    149728.79004478455,
    13811.402559280396,
    7548.1061935424805,
    7203.617811203003,
    86006.74819946289,
    46982.59973526001,
    8048.426866531372,
    65381.05535507202,
    67177.88791656494,
    11004.068374633789,
    26939.11123275757,
    15670.361280441284,
    223708.77814292908,
    77407.22465515137,
    49881.07085227966,
    72198.93336296082,
    8673.558473587036,
    177075.89030265808,
    12082.04174041748,
    115722.23806381226,
    24513.322114944458,
    14571.604013442993,
    6712.541818618774,
    5578.962564468384,
    32628.79228591919,
    8476.587057113647,
    23196.333169937134,
    12799.320459365845,
    48571.168661117554,
    92277.37975120544,
    52191.12753868103,
    5711.74955368042,
    15833.99510383606,
    34202.032804489136,
    5333.969354629517,
    15728.126525878906,
    35263.51189613342,
    8191.031932830811,
    7618.823766708374,
    41626.2629032135,
    75517.21286773682,
    5918.90549659729,
    26571.08235359192,
    136280.90906143188,
    29590.53921699524,
    22620.543479919434,
    21743.749856948853,
    20420.0222492218,
    10864.679336547852,
    12024.004459381104,
    7208.731651306152,
    17245.267868041992,
    17382.351636886597,
    10642.271757125854,
    7342.100620269775,
    6684.621810913086,
    12240.808963775635,
    6746.552467346191,
    5856.884241104126,
    8013.877868652344,
    7567.147016525269,
    7455.687999725342,
    8950.252056121826,
    7632.11989402771,
    23487.45894432068,
    19506.715774536133,
    1972.9204177856445,
    1940.732479095459,
    2711.581230163574,
    51925.61912536621,
    16533.4312915802,
    26477.312326431274,
    87111.49668693542,
    53178.06386947632,
    88214.32518959045,
    51746.633768081665,
    61491.689682006836,
    59598.60563278198,
    87121.83928489685,
    40146.82126045227,
    93114.74227905273
  ],
  "solve_time_mean_ms": 42479.91197596314,
  "solve_time_max_ms": 223708.77814292908,
  "completed_at": "2026-05-04T16:53:24"
}