{
  "scenario": "dry",
  "year": 2022,
  "crop": "Rice",
  "controller": "mpc_perfect_Hp8",
  "runoff_mode": "cascade",
  "budget_total": 484.0,
  "ub_mm_per_day": 12.0,
  "season_days": 93,
  "N_agents": 130,
  "initial_x1": 140.0,
  "initial_x5": 0.0,
  "seed": 0,
  "forecast_horizon": 0,
  "wallclock_seconds": 1994.5718128681183,
  "final_metrics": {
    "terminal_biomass_g_m2": 997.1511820754678,
    "yield_kg_ha": 4188.034964716964,
    "water_used_mm": 475.0828719734261,
    "wue_kg_ha_per_mm": 8.81537771993435,
    "budget_compliance": 1,
    "drought_days_per_agent": 4.869230769230769,
    "waterlog_days_per_agent": 4.053846153846154,
    "pond_days_per_agent": 0.0,
    "x5_max_mm": 0.0,
    "x5_mean_mm": 0.0,
    "spatial_equity_cv": 0.001266918841263791
  },
  "solve_times": [
    3233.891725540161,
    3099.092721939087,
    6114.276647567749,
    6044.698238372803,
    7504.6703815460205,
    4798.821449279785,
    6821.672677993774,
    3872.6866245269775,
    13697.67713546753,
    22833.077907562256,
    17979.472398757935,
    18990.954875946045,
    4179.746627807617,
    10381.56509399414,
    2697.8657245635986,
    13851.702451705933,
    8208.53567123413,
    8426.869630813599,
    2209.182024002075,
    3636.460065841675,
    19641.73197746277,
    11415.793657302856,
    30619.240522384644,
    10448.444366455078,
    6735.499620437622,
    2087.6080989837646,
    6156.829357147217,
    2409.921646118164,
    24925.676107406616,
    24482.712030410767,
    22870.219707489014,
    10515.488624572754,
    9112.040042877197,
    12534.37614440918,
    1995.445728302002,
    12187.427759170532,
    2127.7153491973877,
    7145.831108093262,
    2343.111515045166,
    66757.21645355225,
    13011.42144203186,
    5569.18740272522,
    9252.235174179077,
    3186.4798069000244,
    2184.2684745788574,
    27182.682991027832,
    4273.828744888306,
    2046.6787815093994,
    2010.5783939361572,
    20622.63321876526,
    3990.3697967529297,
    1788.832664489746,
    21740.84210395813,
    1887.061357498169,
    18209.022283554077,
    2064.5294189453125,
    8364.24708366394,
    54664.10255432129,
    12535.872459411621,
    34951.027154922485,
    17612.298250198364,
    80087.21542358398,
    18015.220642089844,
    159641.8182849884,
    139162.21928596497,
    2534.1477394104004,
    56921.2691783905,
    170351.88674926758,
    122941.2682056427,
    17607.676029205322,
    24201.019525527954,
    3125.037431716919,
    3649.405002593994,
    3430.849552154541,
    53207.74483680725,
    24979.163646697998,
    102697.59345054626,
    2032.846450805664,
    5250.203609466553,
    21969.247579574585,
    2269.6304321289062,
    42225.92496871948,
    4771.772146224976,
    2536.8492603302,
    19552.92296409607,
    18708.38212966919,
    12209.699392318726,
    2766.205072402954,
    38216.877937316895,
    27810.652256011963,
    28112.30516433716,
    32332.50904083252,
    28860.60118675232
  ],
  "solve_time_mean_ms": 21445.415204571138,
  "solve_time_max_ms": 170351.88674926758,
  "completed_at": "2026-05-06T06:28:13"
}