{
  "scenario": "wet",
  "year": 2024,
  "crop": "Rice",
  "controller": "mpc_perfect_Hp14",
  "runoff_mode": "cascade",
  "budget_total": 338.79999999999995,
  "ub_mm_per_day": 12.0,
  "season_days": 93,
  "N_agents": 130,
  "initial_x1": 140.0,
  "initial_x5": 0.0,
  "seed": 0,
  "forecast_horizon": 0,
  "wallclock_seconds": 12259.337815999985,
  "final_metrics": {
    "terminal_biomass_g_m2": 849.5668112433117,
    "yield_kg_ha": 3568.180607221909,
    "water_used_mm": 337.192121026231,
    "wue_kg_ha_per_mm": 10.582040281256546,
    "budget_compliance": 1,
    "drought_days_per_agent": 4.976923076923077,
    "waterlog_days_per_agent": 49.53846153846154,
    "pond_days_per_agent": 0.38461538461538464,
    "x5_max_mm": 42.08307813235335,
    "x5_mean_mm": 0.11052147335643807,
    "spatial_equity_cv": 0.07702180425318658
  },
  "solve_times": [
    27663.591146469116,
    21834.739208221436,
    12520.500183105469,
    51756.87074661255,
    11423.370122909546,
    28311.6295337677,
    15150.298595428467,
    117367.99764633179,
    61768.77689361572,
    13863.761901855469,
    10399.823665618896,
    60026.67331695557,
    174408.08868408203,
    222710.0474834442,
    426444.72575187683,
    14712.587356567383,
    157118.5178756714,
    95327.05569267273,
    44641.22724533081,
    200326.01833343506,
    24456.37273788452,
    118826.52854919434,
    35728.42812538147,
    141863.9600276947,
    22717.441082000732,
    178753.88526916504,
    41427.255153656006,
    91750.25939941406,
    832845.6387519836,
    54230.65543174744,
    58112.66851425171,
    95741.32513999939,
    74020.6446647644,
    35648.42891693115,
    214166.38684272766,
    150117.08068847656,
    100008.31413269043,
    147062.8936290741,
    73698.63533973694,
    475381.51597976685,
    13824.93257522583,
    41896.38924598694,
    56973.10972213745,
    81294.00372505188,
    80488.79265785217,
    55557.27958679199,
    35555.42087554932,
    52256.43491744995,
    75467.35501289368,
    42447.412729263306,
    134590.37017822266,
    62855.91697692871,
    52795.03560066223,
    59069.18931007385,
    68498.0366230011,
    149793.90740394592,
    62758.58926773071,
    226770.24865150452,
    48687.31760978699,
    38231.032371520996,
    63489.28117752075,
    105367.77567863464,
    42455.6200504303,
    37718.00136566162,
    46143.131256103516,
    37709.10429954529,
    98156.51440620422,
    104616.57810211182,
    42652.59909629822,
    89276.79324150085,
    97483.25443267822,
    103590.81554412842,
    242251.80077552795,
    514730.5932044983,
    1279505.6583881378,
    387107.9843044281,
    35897.53437042236,
    144817.13104248047,
    347122.5335597992,
    411795.73225975037,
    100340.53468704224,
    864949.5825767517,
    312906.46958351135,
    105574.22471046448,
    92310.64510345459,
    67610.11815071106,
    134154.7462940216,
    27599.598169326782,
    29302.847862243652,
    29271.60620689392,
    29458.87851715088,
    29326.102256774902,
    30117.302894592285
  ],
  "solve_time_mean_ms": 131816.73643409566,
  "solve_time_max_ms": 1279505.6583881378,
  "completed_at": "2026-04-28T03:22:17"
}