{
  "scenario": "wet",
  "year": 2024,
  "crop": "Rice",
  "controller": "mpc_perfect_Hp14",
  "runoff_mode": "cascade",
  "budget_total": 484.0,
  "ub_mm_per_day": 12.0,
  "season_days": 93,
  "N_agents": 130,
  "initial_x1": 140.0,
  "initial_x5": 0.0,
  "seed": 0,
  "forecast_horizon": 0,
  "wallclock_seconds": 10704.57878780365,
  "final_metrics": {
    "terminal_biomass_g_m2": 793.8765201794928,
    "yield_kg_ha": 3334.2813847538696,
    "water_used_mm": 475.0949899999753,
    "wue_kg_ha_per_mm": 7.018136277871595,
    "budget_compliance": 1,
    "drought_days_per_agent": 1.2615384615384615,
    "waterlog_days_per_agent": 68.05384615384615,
    "pond_days_per_agent": 0.0,
    "x5_max_mm": 0.6837586396080608,
    "x5_mean_mm": 0.011204743017662402,
    "spatial_equity_cv": 0.03540429721887643
  },
  "solve_times": [
    42059.683322906494,
    83096.93384170532,
    130638.07725906372,
    146924.72910881042,
    8318.733930587769,
    10136.073589324951,
    183813.26460838318,
    15507.193803787231,
    64546.629428863525,
    9709.351539611816,
    124606.6689491272,
    84970.73149681091,
    9392.145872116089,
    92862.04791069031,
    10706.280946731567,
    10193.17078590393,
    16121.498823165894,
    7019.152879714966,
    7121.168613433838,
    58464.79916572571,
    12428.71642112732,
    79562.65306472778,
    12221.039772033691,
    262126.323223114,
    202018.78929138184,
    24497.24292755127,
    232276.44681930542,
    80848.75583648682,
    142268.18251609802,
    153317.45600700378,
    208034.43694114685,
    173893.06259155273,
    29535.36581993103,
    101917.09756851196,
    88514.06288146973,
    124842.37742424011,
    111729.71200942993,
    20294.025421142578,
    75349.24268722534,
    2125948.053598404,
    204585.5474472046,
    9678.529500961304,
    221383.83078575134,
    7393.645286560059,
    89653.55634689331,
    12870.626211166382,
    59050.729274749756,
    21930.612325668335,
    122021.0554599762,
    17251.833200454712,
    14950.575828552246,
    10513.778924942017,
    85926.1965751648,
    6288.5167598724365,
    11477.16236114502,
    34766.85929298401,
    211172.07050323486,
    108756.39605522156,
    266695.0902938843,
    221885.5996131897,
    80305.27257919312,
    119204.51736450195,
    153146.8539237976,
    83499.7456073761,
    110660.86959838867,
    89182.99055099487,
    84896.69513702393,
    51223.72770309448,
    74860.31460762024,
    225358.94179344177,
    106283.39052200317,
    154954.30278778076,
    261140.21968841553,
    83206.99691772461,
    227497.71547317505,
    34814.8717880249,
    65570.28150558472,
    63104.501485824585,
    125176.56779289246,
    71343.0347442627,
    98517.6899433136,
    104179.62265014648,
    292258.27646255493,
    57034.38687324524,
    82630.63073158264,
    55257.328748703,
    155444.6747303009,
    47603.853702545166,
    58803.27582359314,
    73053.6413192749,
    104459.9027633667,
    106109.6715927124,
    87384.97829437256
  ],
  "solve_time_mean_ms": 115099.49823605116,
  "solve_time_max_ms": 2125948.053598404,
  "completed_at": "2026-05-03T18:21:38"
}