{
  "scenario": "dry",
  "year": 2022,
  "crop": "Rice",
  "controller": "mpc_perfect_Hp14",
  "runoff_mode": "cascade",
  "budget_total": 484.0,
  "ub_mm_per_day": 12.0,
  "season_days": 93,
  "N_agents": 130,
  "initial_x1": 140.0,
  "initial_x5": 0.0,
  "seed": 0,
  "forecast_horizon": 0,
  "wallclock_seconds": 9709.893842220306,
  "final_metrics": {
    "terminal_biomass_g_m2": 1013.2151113645843,
    "yield_kg_ha": 4255.503467731254,
    "water_used_mm": 477.02534154900604,
    "wue_kg_ha_per_mm": 8.920916976680315,
    "budget_compliance": 1,
    "drought_days_per_agent": 3.0846153846153848,
    "waterlog_days_per_agent": 8.653846153846153,
    "pond_days_per_agent": 0.0,
    "x5_max_mm": 0.0,
    "x5_mean_mm": 0.0,
    "spatial_equity_cv": 0.00013499750282108821
  },
  "solve_times": [
    72440.39916992188,
    8197.893619537354,
    37927.99258232117,
    30122.36189842224,
    218175.5986213684,
    32506.974697113037,
    19638.61656188965,
    82684.99565124512,
    33560.678005218506,
    113592.07653999329,
    16795.24278640747,
    117767.99726486206,
    18726.059675216675,
    25642.047882080078,
    52850.76570510864,
    155953.27639579773,
    226888.8258934021,
    469492.7911758423,
    499404.1678905487,
    10789.570331573486,
    72492.79570579529,
    13416.63908958435,
    29183.88557434082,
    111122.96724319458,
    83591.1660194397,
    12671.260356903076,
    11528.515577316284,
    22209.34748649597,
    13305.511474609375,
    13541.23854637146,
    202508.01038742065,
    15222.598791122437,
    60450.127840042114,
    182507.78341293335,
    93170.92776298523,
    20433.408737182617,
    22043.230295181274,
    55705.98649978638,
    65284.90710258484,
    9671.926259994507,
    13402.660846710205,
    120659.32011604309,
    42294.965982437134,
    121615.49830436707,
    104830.01899719238,
    58269.7913646698,
    116741.12868309021,
    92759.81545448303,
    19607.288599014282,
    8006.158113479614,
    25086.861848831177,
    15225.165605545044,
    21209.8605632782,
    277033.72526168823,
    190052.17337608337,
    142241.85299873352,
    67633.58926773071,
    20874.528646469116,
    149464.68949317932,
    399844.4564342499,
    305724.88808631897,
    534024.8918533325,
    6132.221698760986,
    34261.12198829651,
    77505.14817237854,
    258777.08554267883,
    149826.98917388916,
    12537.094354629517,
    516504.8644542694,
    280302.34003067017,
    217485.3973388672,
    79936.25950813293,
    479580.24287223816,
    64360.20278930664,
    67131.76131248474,
    106909.11483764648,
    13431.557893753052,
    34960.853099823,
    27899.814128875732,
    27749.08757209778,
    24333.537578582764,
    107377.3295879364,
    102296.0593700409,
    156018.084526062,
    211010.02502441406,
    66970.84903717041,
    8538.514614105225,
    140798.59256744385,
    40194.71740722656,
    25757.372856140137,
    18438.084602355957,
    145482.5096130371,
    7257.1141719818115
  ],
  "solve_time_mean_ms": 104404.17036702557,
  "solve_time_max_ms": 534024.8918533325,
  "completed_at": "2026-05-05T22:50:03"
}