{
  "scenario": "dry",
  "year": 2022,
  "crop": "Rice",
  "controller": "mpc_perfect_Hp8",
  "runoff_mode": "cascade",
  "budget_total": 411.4,
  "ub_mm_per_day": 12.0,
  "season_days": 93,
  "N_agents": 130,
  "initial_x1": 140.0,
  "initial_x5": 0.0,
  "seed": 0,
  "forecast_horizon": 0,
  "wallclock_seconds": 1188.5598587989807,
  "final_metrics": {
    "terminal_biomass_g_m2": 977.1467804131362,
    "yield_kg_ha": 4104.016477735172,
    "water_used_mm": 410.08840369138306,
    "wue_kg_ha_per_mm": 10.00763845257058,
    "budget_compliance": 1,
    "drought_days_per_agent": 18.46923076923077,
    "waterlog_days_per_agent": 0.0,
    "pond_days_per_agent": 0.0,
    "x5_max_mm": 0.0,
    "x5_mean_mm": 0.0,
    "spatial_equity_cv": 0.002470803613178566
  },
  "solve_times": [
    1593.0440425872803,
    1642.866849899292,
    2465.507984161377,
    2491.0521507263184,
    2394.8495388031006,
    14769.687414169312,
    7494.403600692749,
    20385.068893432617,
    3255.3036212921143,
    3271.7952728271484,
    10358.95824432373,
    10615.954875946045,
    14048.315048217773,
    5081.936359405518,
    6139.446973800659,
    29774.54447746277,
    33611.01818084717,
    19728.455305099487,
    30419.10672187805,
    10991.151809692383,
    9159.08670425415,
    3529.7625064849854,
    34194.76342201233,
    8109.770059585571,
    4075.148105621338,
    18959.83338356018,
    17741.19734764099,
    15298.755407333374,
    27740.593910217285,
    4359.501600265503,
    4632.538557052612,
    21702.073335647583,
    11710.362672805786,
    1905.8380126953125,
    37109.13920402527,
    3182.237148284912,
    2225.430488586426,
    20054.131507873535,
    2632.182836532593,
    18404.471158981323,
    23397.634983062744,
    22269.13833618164,
    7481.836318969727,
    14833.482265472412,
    31625.022172927856,
    21155.11131286621,
    34363.23285102844,
    4078.9902210235596,
    3767.8396701812744,
    3447.3912715911865,
    4171.81658744812,
    28185.300827026367,
    3572.924852371216,
    18126.579523086548,
    14833.953380584717,
    12515.138387680054,
    19861.048221588135,
    7326.929807662964,
    21367.071628570557,
    27715.45934677124,
    17894.824981689453,
    12805.418014526367,
    2860.2259159088135,
    8369.378089904785,
    7280.087471008301,
    10163.329601287842,
    12056.173086166382,
    66517.34495162964,
    51667.818546295166,
    28923.52557182312,
    43170.10951042175,
    14474.717855453491,
    4475.131034851074,
    3514.833927154541,
    15139.7864818573,
    8715.17300605774,
    6795.64356803894,
    12250.69260597229,
    12693.662405014038,
    3753.6261081695557,
    3493.0145740509033,
    2074.9688148498535,
    1644.982099533081,
    1637.6135349273682,
    1627.5811195373535,
    1643.927812576294,
    1560.521125793457,
    1507.9946517944336,
    1561.4259243011475,
    1558.4990978240967,
    1539.881944656372,
    1569.5769786834717,
    1869.8272705078125
  ],
  "solve_time_mean_ms": 12775.98391809771,
  "solve_time_max_ms": 66517.34495162964,
  "completed_at": "2026-05-04T02:01:35"
}