{
  "scenario": "wet",
  "year": 2024,
  "crop": "Rice",
  "controller": "mpc_perfect_Hp14",
  "runoff_mode": "cascade",
  "budget_total": 484.0,
  "ub_mm_per_day": 12.0,
  "season_days": 93,
  "N_agents": 130,
  "initial_x1": 140.0,
  "initial_x5": 0.0,
  "seed": 0,
  "forecast_horizon": 0,
  "wallclock_seconds": 12163.04856467247,
  "final_metrics": {
    "terminal_biomass_g_m2": 876.2767162664426,
    "yield_kg_ha": 3680.362208319059,
    "water_used_mm": 343.00427776963403,
    "wue_kg_ha_per_mm": 10.729785156763661,
    "budget_compliance": 1,
    "drought_days_per_agent": 3.276923076923077,
    "waterlog_days_per_agent": 35.03846153846154,
    "pond_days_per_agent": 0.0,
    "x5_max_mm": 0.2659231819783239,
    "x5_mean_mm": 0.00020487518684472665,
    "spatial_equity_cv": 0.027600070608014896
  },
  "solve_times": [
    19071.00009918213,
    11431.09679222107,
    22906.381368637085,
    65800.84300041199,
    65397.56226539612,
    50446.19417190552,
    6629.9147605896,
    56906.89969062805,
    32545.199871063232,
    82952.0058631897,
    38133.40497016907,
    13922.301530838013,
    49601.601123809814,
    17001.65605545044,
    78533.93411636353,
    10836.852550506592,
    59010.16855239868,
    19865.67497253418,
    84946.40016555786,
    29102.007389068604,
    14484.947204589844,
    163417.8204536438,
    11512.975692749023,
    7266.727447509766,
    80564.44835662842,
    180864.86291885376,
    166504.13751602173,
    79960.26515960693,
    13389.094352722168,
    166854.09212112427,
    178723.95420074463,
    71151.81565284729,
    111879.82606887817,
    39520.10226249695,
    9544.25072669983,
    6970.301866531372,
    60682.531118392944,
    119244.20952796936,
    45839.09797668457,
    49883.355379104614,
    37588.26017379761,
    77613.7101650238,
    97310.56666374207,
    8870.858907699585,
    33551.427364349365,
    25104.50792312622,
    8222.220420837402,
    6752.791881561279,
    57948.055267333984,
    32208.4801197052,
    18872.039556503296,
    232472.63932228088,
    26855.963230133057,
    110364.95804786682,
    111581.96783065796,
    111760.44392585754,
    58438.18378448486,
    402085.16359329224,
    315691.1618709564,
    44558.55846405029,
    130876.4579296112,
    117503.07369232178,
    120766.98899269104,
    159254.90474700928,
    206868.66927146912,
    157893.85962486267,
    224577.80814170837,
    207343.30701828003,
    280442.82031059265,
    313077.00777053833,
    386284.55567359924,
    103480.78918457031,
    686235.4238033295,
    175181.12111091614,
    186379.65941429138,
    43823.62198829651,
    1176504.6482086182,
    687788.0272865295,
    230872.802734375,
    177105.43966293335,
    237149.88207817078,
    22344.329833984375,
    269814.4862651825,
    511239.5324707031,
    254693.20058822632,
    12439.36824798584,
    152100.163936615,
    280300.67706108093,
    315314.05234336853,
    97914.11209106445,
    6571.791410446167,
    6910.048484802246,
    12550.143480300903
  ],
  "solve_time_mean_ms": 130782.30805038124,
  "solve_time_max_ms": 1176504.6482086182,
  "completed_at": "2026-05-05T13:44:42"
}