{
  "scenario": "dry",
  "year": 2022,
  "crop": "Rice",
  "controller": "mpc_perfect_Hp8",
  "runoff_mode": "cascade",
  "budget_total": 338.79999999999995,
  "ub_mm_per_day": 12.0,
  "season_days": 93,
  "N_agents": 130,
  "initial_x1": 140.0,
  "initial_x5": 0.0,
  "seed": 0,
  "forecast_horizon": 0,
  "wallclock_seconds": 845.1770076751709,
  "final_metrics": {
    "terminal_biomass_g_m2": 900.4538536735489,
    "yield_kg_ha": 3781.9061854289057,
    "water_used_mm": 338.6355033454959,
    "wue_kg_ha_per_mm": 11.168073483335803,
    "budget_compliance": 1,
    "drought_days_per_agent": 35.76923076923077,
    "waterlog_days_per_agent": 0.0,
    "pond_days_per_agent": 0.0,
    "x5_max_mm": 0.0,
    "x5_mean_mm": 0.0,
    "spatial_equity_cv": 0.0023652665996551506
  },
  "solve_times": [
    1673.6071109771729,
    1724.8272895812988,
    2565.047264099121,
    2585.993766784668,
    5354.09140586853,
    2678.624153137207,
    2776.9365310668945,
    8663.64073753357,
    3325.3307342529297,
    4300.395965576172,
    25526.52144432068,
    3560.3115558624268,
    22952.87036895752,
    9451.565504074097,
    48943.08519363403,
    9571.699142456055,
    19127.623796463013,
    11459.877490997314,
    31420.73369026184,
    28286.78584098816,
    12023.772954940796,
    19822.778463363647,
    4576.515436172485,
    4259.8021030426025,
    4790.2162075042725,
    2239.9442195892334,
    3837.397336959839,
    19061.686038970947,
    14465.541124343872,
    26740.121603012085,
    19469.630241394043,
    9229.429721832275,
    2292.152166366577,
    29917.21510887146,
    25335.145711898804,
    14701.52235031128,
    24068.312406539917,
    4498.811960220337,
    22970.678091049194,
    6852.794885635376,
    3240.562915802002,
    17968.61219406128,
    30514.9564743042,
    4854.993581771851,
    3143.6047554016113,
    26691.38526916504,
    7680.254697799683,
    3810.3511333465576,
    20388.874530792236,
    18212.705373764038,
    3137.476921081543,
    22289.688110351562,
    17352.235317230225,
    3162.0326042175293,
    2925.6880283355713,
    21876.675367355347,
    3233.4229946136475,
    14742.496013641357,
    18834.248304367065,
    21463.257789611816,
    4091.517925262451,
    3984.746217727661,
    1496.833324432373,
    1464.6005630493164,
    1466.2938117980957,
    1481.9166660308838,
    1636.0621452331543,
    1617.4242496490479,
    1613.062858581543,
    1669.374942779541,
    1630.814552307129,
    1614.0449047088623,
    1584.8042964935303,
    1583.9011669158936,
    1601.383924484253,
    1569.0810680389404,
    1639.6293640136719,
    2030.9576988220215,
    2036.8924140930176,
    1910.0439548492432,
    1874.7031688690186,
    1776.2119770050049,
    1773.5860347747803,
    1760.0531578063965,
    1760.2052688598633,
    1747.6675510406494,
    1972.1415042877197,
    1996.1659908294678,
    1973.3648300170898,
    1976.5379428863525,
    1991.0612106323242,
    1976.5372276306152,
    1984.6296310424805
  ],
  "solve_time_mean_ms": 9085.083989686864,
  "solve_time_max_ms": 48943.08519363403,
  "completed_at": "2026-05-04T02:58:30"
}