{
  "scenario": "dry",
  "year": 2022,
  "crop": "Rice",
  "controller": "mpc_perfect_Hp14",
  "runoff_mode": "cascade",
  "budget_total": 484.0,
  "ub_mm_per_day": 12.0,
  "season_days": 93,
  "N_agents": 130,
  "initial_x1": 140.0,
  "initial_x5": 0.0,
  "seed": 0,
  "forecast_horizon": 0,
  "wallclock_seconds": 7312.168498754501,
  "final_metrics": {
    "terminal_biomass_g_m2": 1013.5276086956899,
    "yield_kg_ha": 4256.8159565218975,
    "water_used_mm": 475.3985491338778,
    "wue_kg_ha_per_mm": 8.954204770454881,
    "budget_compliance": 1,
    "drought_days_per_agent": 3.223076923076923,
    "waterlog_days_per_agent": 13.861538461538462,
    "pond_days_per_agent": 0.0,
    "x5_max_mm": 0.0,
    "x5_mean_mm": 0.0,
    "spatial_equity_cv": 0.000319856654618334
  },
  "solve_times": [
    75545.96257209778,
    9785.452842712402,
    45933.10046195984,
    23135.215759277344,
    34611.08088493347,
    85190.86527824402,
    25986.09185218811,
    58644.22512054443,
    85841.14027023315,
    104629.16684150696,
    87569.94700431824,
    65422.77002334595,
    22302.288055419922,
    64937.68525123596,
    162032.475233078,
    8251.163482666016,
    148620.347738266,
    68987.99681663513,
    180051.86462402344,
    131063.33088874817,
    100557.91401863098,
    11363.113164901733,
    17705.742120742798,
    11566.014289855957,
    13076.727151870728,
    40599.711656570435,
    63652.63915061951,
    10223.575115203857,
    24354.861974716187,
    54800.036668777466,
    21680.026054382324,
    120665.54021835327,
    101175.89020729065,
    13112.891912460327,
    41956.93373680115,
    116984.76600646973,
    9080.068111419678,
    24046.115398406982,
    80155.20334243774,
    59881.362199783325,
    11354.358434677124,
    20748.417615890503,
    19178.49326133728,
    15309.864044189453,
    96983.20960998535,
    29112.709283828735,
    138282.25231170654,
    20698.866844177246,
    16826.255083084106,
    85573.66895675659,
    123851.79948806763,
    10156.546592712402,
    53040.82942008972,
    171372.4730014801,
    143891.79921150208,
    25718.032360076904,
    20095.16716003418,
    22526.08370780945,
    111920.85194587708,
    209508.96430015564,
    594655.876159668,
    6220.28660774231,
    557293.6372756958,
    20276.03816986084,
    249566.5647983551,
    11829.327583312988,
    140703.2434940338,
    11168.07508468628,
    436011.49821281433,
    6697.168588638306,
    11472.331523895264,
    120757.67230987549,
    217450.9663581848,
    88604.1145324707,
    79080.97696304321,
    12211.628913879395,
    71175.46272277832,
    64356.24194145203,
    15754.559516906738,
    70719.63405609131,
    30398.064374923706,
    44951.23600959778,
    91451.02977752686,
    132421.93627357483,
    157725.47435760498,
    10173.149347305298,
    8920.171976089478,
    41234.82823371887,
    100231.33945465088,
    43468.87803077698,
    25789.79182243347,
    59745.909214019775,
    7993.778228759766
  ],
  "solve_time_mean_ms": 78621.96600052618,
  "solve_time_max_ms": 594655.876159668,
  "completed_at": "2026-05-04T01:27:11"
}