{
  "scenario": "moderate",
  "year": 2020,
  "crop": "Rice",
  "controller": "mpc_perfect_Hp14",
  "runoff_mode": "cascade",
  "budget_total": 411.4,
  "ub_mm_per_day": 12.0,
  "season_days": 93,
  "N_agents": 130,
  "initial_x1": 140.0,
  "initial_x5": 0.0,
  "seed": 0,
  "forecast_horizon": 0,
  "wallclock_seconds": 6007.697189092636,
  "final_metrics": {
    "terminal_biomass_g_m2": 949.5387575166803,
    "yield_kg_ha": 3988.0627815700573,
    "water_used_mm": 410.51024539183203,
    "wue_kg_ha_per_mm": 9.714892201444208,
    "budget_compliance": 1,
    "drought_days_per_agent": 21.976923076923075,
    "waterlog_days_per_agent": 1.0,
    "pond_days_per_agent": 0.0,
    "x5_max_mm": 0.0,
    "x5_mean_mm": 0.0,
    "spatial_equity_cv": 0.0017255836885956138
  },
  "solve_times": [
    87729.75993156433,
    39711.42888069153,
    81160.91322898865,
    24726.099491119385,
    55073.51207733154,
    117829.35738563538,
    38570.65677642822,
    49280.29155731201,
    154999.6030330658,
    34173.61855506897,
    20108.633995056152,
    91651.94892883301,
    78248.46935272217,
    133790.43316841125,
    79013.2999420166,
    92559.70597267151,
    92832.21435546875,
    164567.12794303894,
    15066.866636276245,
    307327.1896839142,
    166992.6619529724,
    120098.48594665527,
    328028.05256843567,
    52547.49059677124,
    121944.0369606018,
    60393.47767829895,
    33486.825704574585,
    147154.59036827087,
    114277.55451202393,
    112392.20929145813,
    39752.74896621704,
    118557.17325210571,
    104338.86647224426,
    50024.25312995911,
    10606.271743774414,
    53186.12360954285,
    108124.98617172241,
    244350.5094051361,
    105538.3665561676,
    57894.26875114441,
    113396.29459381104,
    11948.073625564575,
    21807.543516159058,
    134037.6648902893,
    105738.98720741272,
    109459.49983596802,
    59204.62107658386,
    9290.496110916138,
    38240.51094055176,
    16897.925853729248,
    37571.460247039795,
    84643.24307441711,
    93181.56862258911,
    17193.663358688354,
    73572.21841812134,
    81644.118309021,
    23512.903690338135,
    11721.084594726562,
    33036.61918640137,
    22589.969158172607,
    13521.56138420105,
    12213.212966918945,
    75157.88102149963,
    12075.602293014526,
    169808.85481834412,
    13934.368371963501,
    29325.563192367554,
    38989.56775665283,
    97993.63660812378,
    74805.76348304749,
    42087.496519088745,
    57367.12408065796,
    179409.2583656311,
    10876.593828201294,
    43618.46375465393,
    5999.877452850342,
    5831.346035003662,
    5866.628408432007,
    5899.643421173096,
    12158.369541168213,
    7349.906444549561,
    7325.3173828125,
    7425.409555435181,
    7574.543237686157,
    7266.651391983032,
    8837.161302566528,
    7854.732036590576,
    7167.031049728394,
    6541.207313537598,
    6469.168186187744,
    6535.111665725708,
    6639.458417892456,
    6681.793689727783
  ],
  "solve_time_mean_ms": 64595.772643243115,
  "solve_time_max_ms": 328028.05256843567,
  "completed_at": "2026-04-28T19:50:31"
}