{
  "scenario": "wet",
  "year": 2024,
  "crop": "Rice",
  "controller": "mpc_perfect_Hp14",
  "runoff_mode": "cascade",
  "budget_total": 484.0,
  "ub_mm_per_day": 12.0,
  "season_days": 93,
  "N_agents": 130,
  "initial_x1": 140.0,
  "initial_x5": 0.0,
  "seed": 0,
  "forecast_horizon": 0,
  "wallclock_seconds": 12103.282496213913,
  "final_metrics": {
    "terminal_biomass_g_m2": 895.8970498265975,
    "yield_kg_ha": 3762.7676092717093,
    "water_used_mm": 325.8787450588618,
    "wue_kg_ha_per_mm": 11.546526633984858,
    "budget_compliance": 1,
    "drought_days_per_agent": 10.115384615384615,
    "waterlog_days_per_agent": 28.215384615384615,
    "pond_days_per_agent": 0.0,
    "x5_max_mm": 0.0,
    "x5_mean_mm": 0.0,
    "spatial_equity_cv": 0.005090850051837304
  },
  "solve_times": [
    95053.2705783844,
    171880.6335926056,
    30118.226289749146,
    28846.038579940796,
    58148.85091781616,
    16103.119611740112,
    112520.2386379242,
    13950.64902305603,
    37787.92905807495,
    56542.46258735657,
    8814.340353012085,
    50009.13214683533,
    12579.272985458374,
    63464.25700187683,
    21833.799123764038,
    45962.604999542236,
    8538.759231567383,
    18031.017065048218,
    31530.324459075928,
    74567.24309921265,
    147657.83166885376,
    67481.03976249695,
    207690.81258773804,
    9789.42322731018,
    392453.40514183044,
    12448.443412780762,
    608677.5164604187,
    227680.16028404236,
    126006.92248344421,
    133857.9409122467,
    89405.63225746155,
    27436.39588356018,
    33925.456047058105,
    31577.14796066284,
    42567.60287284851,
    25977.630376815796,
    42929.80360984802,
    166183.42185020447,
    13360.509872436523,
    38138.203144073486,
    10695.428609848022,
    209694.73719596863,
    12346.797227859497,
    38043.89476776123,
    56534.28149223328,
    26922.25170135498,
    99229.97283935547,
    27850.01277923584,
    43737.49899864197,
    22793.604612350464,
    14739.61591720581,
    70403.02658081055,
    77273.06962013245,
    20291.029930114746,
    94745.3887462616,
    17774.107933044434,
    133437.44659423828,
    694917.2024726868,
    52631.73294067383,
    66385.9281539917,
    50466.0325050354,
    22086.103439331055,
    904721.7690944672,
    741891.9339179993,
    335680.7770729065,
    13486.026525497437,
    801706.6059112549,
    91619.8673248291,
    59303.38144302368,
    120813.90309333801,
    212985.41569709778,
    325493.03817749023,
    203893.31889152527,
    224512.46213912964,
    246609.29584503174,
    156985.77690124512,
    129553.44486236572,
    357623.33703041077,
    5404.052019119263,
    116103.11269760132,
    12447.975635528564,
    699917.5662994385,
    334973.70648384094,
    329776.1650085449,
    9646.410942077637,
    10274.16181564331,
    54811.56659126282,
    79237.22577095032,
    152245.86868286133,
    9497.351169586182,
    13135.880947113037,
    75926.18751525879,
    8179.080963134766
  ],
  "solve_time_mean_ms": 130139.60538371917,
  "solve_time_max_ms": 904721.7690944672,
  "completed_at": "2026-05-05T10:21:17"
}