{
  "scenario": "wet",
  "year": 2024,
  "crop": "Rice",
  "controller": "mpc_perfect_Hp14",
  "runoff_mode": "cascade",
  "budget_total": 411.4,
  "ub_mm_per_day": 12.0,
  "season_days": 93,
  "N_agents": 130,
  "initial_x1": 140.0,
  "initial_x5": 0.0,
  "seed": 0,
  "forecast_horizon": 0,
  "wallclock_seconds": 12296.85681939125,
  "final_metrics": {
    "terminal_biomass_g_m2": 898.2298384218797,
    "yield_kg_ha": 3772.5653213718942,
    "water_used_mm": 322.3576994392785,
    "wue_kg_ha_per_mm": 11.703040839210729,
    "budget_compliance": 1,
    "drought_days_per_agent": 8.046153846153846,
    "waterlog_days_per_agent": 24.66923076923077,
    "pond_days_per_agent": 0.0,
    "x5_max_mm": 0.0,
    "x5_mean_mm": 0.0,
    "spatial_equity_cv": 0.005161259001085604
  },
  "solve_times": [
    12354.21347618103,
    90106.91785812378,
    90648.96988868713,
    43934.69309806824,
    98089.15710449219,
    29413.875102996826,
    23359.346866607666,
    17928.192615509033,
    18884.550094604492,
    28688.892602920532,
    6823.3537673950195,
    80046.47445678711,
    8819.396257400513,
    14674.08561706543,
    21615.594148635864,
    73975.79455375671,
    39354.91442680359,
    16705.626487731934,
    19670.158863067627,
    161029.4966697693,
    13575.302839279175,
    58561.431646347046,
    84710.94989776611,
    101332.70239830017,
    114055.66716194153,
    76613.30962181091,
    49721.25792503357,
    113765.98978042603,
    102387.95971870422,
    45727.00881958008,
    107971.87161445618,
    66944.6222782135,
    61347.357511520386,
    16874.729871749878,
    59940.72222709656,
    73858.23225975037,
    59971.61412239075,
    57611.55700683594,
    122781.81338310242,
    12958.724737167358,
    136030.415058136,
    118385.86163520813,
    6580.680847167969,
    17507.591724395752,
    73615.78273773193,
    14159.373044967651,
    19253.96180152893,
    39956.85267448425,
    47956.03442192078,
    10193.273067474365,
    72420.13311386108,
    83151.19004249573,
    60847.869634628296,
    54017.000913619995,
    161919.46458816528,
    14051.159381866455,
    139066.00737571716,
    169333.2076072693,
    83093.90044212341,
    500942.8930282593,
    940167.4780845642,
    843346.5368747711,
    331531.7118167877,
    645389.5101547241,
    55396.254539489746,
    569322.018623352,
    72291.5711402893,
    280096.08721733093,
    79043.39861869812,
    168843.4751033783,
    160840.6708240509,
    181729.96306419373,
    147824.3169784546,
    97639.4670009613,
    249398.71168136597,
    208214.7512435913,
    54797.49345779419,
    51533.56456756592,
    191566.02692604065,
    245636.49439811707,
    7391.172409057617,
    556808.5367679596,
    210155.5995941162,
    168174.14546012878,
    135063.9510154724,
    161398.59747886658,
    478609.59219932556,
    278427.35147476196,
    14319.432497024536,
    10848.196744918823,
    292260.51664352417,
    13103.630542755127,
    276122.74169921875
  ],
  "solve_time_mean_ms": 132221.63600819086,
  "solve_time_max_ms": 940167.4780845642,
  "completed_at": "2026-05-06T02:15:54"
}