{
  "scenario": "moderate",
  "year": 2020,
  "crop": "Rice",
  "controller": "mpc_perfect_Hp8",
  "runoff_mode": "cascade",
  "budget_total": 411.4,
  "ub_mm_per_day": 12.0,
  "season_days": 93,
  "N_agents": 130,
  "initial_x1": 140.0,
  "initial_x5": 0.0,
  "seed": 0,
  "forecast_horizon": 0,
  "wallclock_seconds": 1541.6235599517822,
  "final_metrics": {
    "terminal_biomass_g_m2": 941.878774423594,
    "yield_kg_ha": 3955.890852579095,
    "water_used_mm": 410.88313204057675,
    "wue_kg_ha_per_mm": 9.627776231486745,
    "budget_compliance": 1,
    "drought_days_per_agent": 25.215384615384615,
    "waterlog_days_per_agent": 0.4076923076923077,
    "pond_days_per_agent": 0.0,
    "x5_max_mm": 0.0,
    "x5_mean_mm": 0.0,
    "spatial_equity_cv": 0.0012113755895426436
  },
  "solve_times": [
    3511.86466217041,
    9858.538150787354,
    12430.027484893799,
    2979.65931892395,
    18784.28816795349,
    2461.944580078125,
    2860.5329990386963,
    13897.388219833374,
    33372.00045585632,
    4311.976671218872,
    7959.490537643433,
    7312.560796737671,
    18001.70850753784,
    5610.020160675049,
    21413.22922706604,
    35673.35534095764,
    2449.7761726379395,
    1728.8234233856201,
    2480.4251194000244,
    2170.572519302368,
    3581.7160606384277,
    2227.710723876953,
    46539.42847251892,
    53399.982213974,
    2105.9067249298096,
    79926.90706253052,
    16486.87481880188,
    5261.418342590332,
    2160.921096801758,
    8865.971088409424,
    4052.910566329956,
    2130.6793689727783,
    43687.27779388428,
    56481.82034492493,
    15451.093912124634,
    23728.212356567383,
    70616.68634414673,
    6651.423454284668,
    7999.96542930603,
    3786.585569381714,
    18962.693214416504,
    2968.2552814483643,
    2396.6166973114014,
    20181.37812614441,
    3462.89324760437,
    30227.94222831726,
    2935.4748725891113,
    41891.30687713623,
    37260.52260398865,
    84132.03167915344,
    5607.815265655518,
    102766.52002334595,
    49074.89824295044,
    71864.99786376953,
    16710.856199264526,
    27154.84595298767,
    3660.064458847046,
    3999.8819828033447,
    2605.222702026367,
    2339.590072631836,
    31213.57274055481,
    2410.82763671875,
    5009.593725204468,
    22701.963186264038,
    16038.570165634155,
    33070.19066810608,
    30736.388206481934,
    8036.144495010376,
    37707.04770088196,
    3304.7618865966797,
    15316.814184188843,
    39283.9150428772,
    4286.068439483643,
    4856.602668762207,
    21242.70272254944,
    16114.311218261719,
    8056.731700897217,
    16827.912092208862,
    1950.3037929534912,
    1572.765827178955,
    1578.0389308929443,
    1603.2328605651855,
    1660.1841449737549,
    2797.520399093628,
    3371.3438510894775,
    1804.6724796295166,
    2275.8021354675293,
    2285.5238914489746,
    2416.0172939300537,
    1991.684913635254,
    1765.8960819244385,
    1767.9948806762695,
    1708.6076736450195
  ],
  "solve_time_mean_ms": 16573.969779476043,
  "solve_time_max_ms": 102766.52002334595,
  "completed_at": "2026-04-27T19:49:49"
}