{
  "scenario": "dry",
  "year": 2022,
  "crop": "Rice",
  "controller": "mpc_perfect_Hp8",
  "runoff_mode": "cascade",
  "budget_total": 411.4,
  "ub_mm_per_day": 12.0,
  "season_days": 93,
  "N_agents": 130,
  "initial_x1": 140.0,
  "initial_x5": 0.0,
  "seed": 0,
  "forecast_horizon": 0,
  "wallclock_seconds": 1780.2256424427032,
  "final_metrics": {
    "terminal_biomass_g_m2": 980.6697843056386,
    "yield_kg_ha": 4118.813094083682,
    "water_used_mm": 410.89692044144186,
    "wue_kg_ha_per_mm": 10.023957078234336,
    "budget_compliance": 1,
    "drought_days_per_agent": 15.492307692307692,
    "waterlog_days_per_agent": 2.8692307692307693,
    "pond_days_per_agent": 0.0,
    "x5_max_mm": 0.0,
    "x5_mean_mm": 0.0,
    "spatial_equity_cv": 0.0018150559185453237
  },
  "solve_times": [
    1675.379991531372,
    2208.3234786987305,
    8607.763528823853,
    24288.756132125854,
    2884.557008743286,
    6252.448558807373,
    9767.822980880737,
    4337.202787399292,
    15632.346391677856,
    7897.667169570923,
    14084.941625595093,
    2845.0047969818115,
    4730.086088180542,
    5480.085372924805,
    14335.047721862793,
    40921.637535095215,
    55202.95190811157,
    9378.25322151184,
    16026.910305023193,
    27164.35956954956,
    59487.01238632202,
    44804.978132247925,
    75659.9223613739,
    47849.89142417908,
    12149.789571762085,
    12050.153732299805,
    8474.939107894897,
    12358.599424362183,
    10589.59698677063,
    23511.67869567871,
    11590.291023254395,
    1669.9309349060059,
    2916.949987411499,
    24322.880029678345,
    22122.052431106567,
    13207.80611038208,
    4668.4410572052,
    12006.460428237915,
    55499.112129211426,
    2159.8305702209473,
    14874.913692474365,
    20044.827699661255,
    22821.77972793579,
    7588.883876800537,
    10629.649639129639,
    7860.066890716553,
    16297.888040542603,
    5037.01114654541,
    12194.815397262573,
    8635.216236114502,
    2991.953134536743,
    3963.344097137451,
    7121.22917175293,
    1924.6337413787842,
    2484.8453998565674,
    16035.898923873901,
    23421.287059783936,
    10983.041524887085,
    7005.853652954102,
    50014.11509513855,
    2712.5964164733887,
    129915.38047790527,
    3975.205421447754,
    87303.28965187073,
    44230.422019958496,
    18972.66936302185,
    113279.36911582947,
    5742.474317550659,
    95105.50665855408,
    25868.08204650879,
    73249.81451034546,
    52889.546394348145,
    41386.507987976074,
    12034.820318222046,
    2514.9362087249756,
    8354.76541519165,
    19476.678133010864,
    16492.983102798462,
    10145.131349563599,
    7804.926872253418,
    7358.067274093628,
    2692.081928253174,
    1594.7730541229248,
    1285.6600284576416,
    1289.8097038269043,
    1274.7888565063477,
    1510.5926990509033,
    1539.5269393920898,
    1505.4850578308105,
    1434.154987335205,
    1427.4046421051025,
    1489.412784576416,
    1419.7840690612793
  ],
  "solve_time_mean_ms": 19140.104996260776,
  "solve_time_max_ms": 129915.38047790527,
  "completed_at": "2026-05-04T02:31:41"
}