{
  "scenario": "wet",
  "year": 2024,
  "crop": "Rice",
  "controller": "mpc_perfect_Hp14",
  "runoff_mode": "cascade",
  "budget_total": 484.0,
  "ub_mm_per_day": 12.0,
  "season_days": 93,
  "N_agents": 130,
  "initial_x1": 140.0,
  "initial_x5": 0.0,
  "seed": 0,
  "forecast_horizon": 0,
  "wallclock_seconds": 7109.123127698898,
  "final_metrics": {
    "terminal_biomass_g_m2": 875.3646573961116,
    "yield_kg_ha": 3676.5315610636685,
    "water_used_mm": 357.7652129287249,
    "wue_kg_ha_per_mm": 10.276380788861433,
    "budget_compliance": 1,
    "drought_days_per_agent": 10.115384615384615,
    "waterlog_days_per_agent": 29.79230769230769,
    "pond_days_per_agent": 2.730769230769231,
    "x5_max_mm": 17.09002098260393,
    "x5_mean_mm": 0.320330262881379,
    "spatial_equity_cv": 0.044874767706177945
  },
  "solve_times": [
    52133.925437927246,
    22347.374200820923,
    10428.06077003479,
    119667.0413017273,
    40064.59021568298,
    11307.279348373413,
    12154.213428497314,
    44422.77479171753,
    129241.22929573059,
    28087.924242019653,
    15956.076622009277,
    34711.22646331787,
    9034.00707244873,
    17161.4773273468,
    68242.23828315735,
    15213.614702224731,
    65096.56047821045,
    65350.50916671753,
    54216.67671203613,
    45121.601819992065,
    33933.81929397583,
    95868.99495124817,
    9020.421981811523,
    8447.25251197815,
    201105.8051586151,
    170194.87309455872,
    22633.395195007324,
    99267.60578155518,
    17265.73371887207,
    137084.47813987732,
    50629.07600402832,
    82976.70936584473,
    21297.334909439087,
    28008.909940719604,
    19869.590759277344,
    40523.38194847107,
    181365.10133743286,
    203839.2882347107,
    50373.409271240234,
    42722.22685813904,
    9370.300769805908,
    204635.5812549591,
    194539.1128063202,
    30760.355472564697,
    46129.0168762207,
    8529.702425003052,
    107703.43017578125,
    29032.299518585205,
    6897.586822509766,
    176902.74810791016,
    70171.13184928894,
    104376.82604789734,
    12995.771408081055,
    58330.39879798889,
    77758.92353057861,
    49049.07035827637,
    223560.16302108765,
    305321.92969322205,
    494392.1411037445,
    48144.887924194336,
    139609.38668251038,
    64559.759855270386,
    42889.028787612915,
    64029.05559539795,
    38448.206186294556,
    6613.696098327637,
    13652.553081512451,
    97849.16257858276,
    120325.1404762268,
    6821.832180023193,
    20701.688528060913,
    44561.94043159485,
    79168.81561279297,
    134890.91062545776,
    240214.47348594666,
    122140.81144332886,
    277894.36173439026,
    10180.156469345093,
    85811.64288520813,
    62366.310119628906,
    11959.015369415283,
    178826.51376724243,
    117457.00192451477,
    77539.70336914062,
    17846.478939056396,
    59934.36694145203,
    20856.571912765503,
    5173.135042190552,
    64204.89978790283,
    101486.79757118225,
    5125.426769256592,
    82620.44930458069,
    58130.62334060669
  ],
  "solve_time_mean_ms": 76439.53876341543,
  "solve_time_max_ms": 494392.1411037445,
  "completed_at": "2026-05-04T20:24:06"
}