{
  "scenario": "wet",
  "year": 2024,
  "crop": "Rice",
  "controller": "mpc_perfect_Hp8",
  "runoff_mode": "cascade",
  "budget_total": 411.4,
  "ub_mm_per_day": 12.0,
  "season_days": 93,
  "N_agents": 130,
  "initial_x1": 140.0,
  "initial_x5": 0.0,
  "seed": 0,
  "forecast_horizon": 0,
  "wallclock_seconds": 1653.0343644618988,
  "final_metrics": {
    "terminal_biomass_g_m2": 854.5464357295212,
    "yield_kg_ha": 3589.095030063989,
    "water_used_mm": 379.70319976054765,
    "wue_kg_ha_per_mm": 9.452369725426019,
    "budget_compliance": 1,
    "drought_days_per_agent": 3.2,
    "waterlog_days_per_agent": 36.63076923076923,
    "pond_days_per_agent": 0.0,
    "x5_max_mm": 2.674392767057161,
    "x5_mean_mm": 0.03143657712854481,
    "spatial_equity_cv": 0.05017473316655968
  },
  "solve_times": [
    2800.286293029785,
    2760.3230476379395,
    2871.2925910949707,
    2851.6242504119873,
    2841.0634994506836,
    3092.1194553375244,
    3746.8786239624023,
    83210.99209785461,
    13917.625427246094,
    10526.985168457031,
    17966.296434402466,
    32272.107362747192,
    29266.9198513031,
    2913.879156112671,
    22516.754627227783,
    26095.268487930298,
    32432.31153488159,
    22933.592319488525,
    35896.4786529541,
    18109.09867286682,
    2667.4153804779053,
    6722.822904586792,
    7639.519214630127,
    5720.775127410889,
    4941.9965744018555,
    12449.900388717651,
    33325.44422149658,
    3613.0409240722656,
    2145.508289337158,
    4990.987539291382,
    31661.752700805664,
    4280.630826950073,
    8482.872009277344,
    2751.1751651763916,
    2657.572031021118,
    3718.6849117279053,
    2888.998508453369,
    2785.3169441223145,
    3207.286596298218,
    3270.0748443603516,
    7386.512279510498,
    11307.18469619751,
    14185.43291091919,
    7714.850902557373,
    62395.04289627075,
    4323.265075683594,
    92114.12787437439,
    190684.38482284546,
    59434.11827087402,
    17253.99947166443,
    47828.460693359375,
    2810.521125793457,
    3527.031898498535,
    2190.2284622192383,
    14561.758279800415,
    8723.527669906616,
    2314.748764038086,
    19825.88267326355,
    16794.389247894287,
    10646.071910858154,
    30016.114950180054,
    35495.471477508545,
    8932.81888961792,
    5817.071437835693,
    8702.2705078125,
    13371.960878372192,
    19959.8605632782,
    6928.471565246582,
    7711.215257644653,
    5647.4363803863525,
    9301.893711090088,
    5123.963117599487,
    7058.703422546387,
    9841.201066970825,
    9682.312488555908,
    2643.515110015869,
    18251.824378967285,
    16076.357364654541,
    24406.1279296875,
    9175.442218780518,
    3690.0689601898193,
    38467.31948852539,
    25375.89192390442,
    3541.762590408325,
    33682.47127532959,
    9163.723707199097,
    29680.994033813477,
    41007.93480873108,
    7463.765382766724,
    11662.161588668823,
    14757.338762283325,
    21317.447662353516,
    43949.52607154846
  ],
  "solve_time_mean_ms": 17772.791952215215,
  "solve_time_max_ms": 190684.38482284546,
  "completed_at": "2026-04-27T20:17:52"
}