{
  "scenario": "wet",
  "year": 2024,
  "crop": "Rice",
  "controller": "mpc_perfect_Hp14",
  "runoff_mode": "cascade",
  "budget_total": 484.0,
  "ub_mm_per_day": 12.0,
  "season_days": 93,
  "N_agents": 130,
  "initial_x1": 140.0,
  "initial_x5": 0.0,
  "seed": 0,
  "forecast_horizon": 0,
  "wallclock_seconds": 16037.320697784424,
  "final_metrics": {
    "terminal_biomass_g_m2": 897.3328931249872,
    "yield_kg_ha": 3768.7981511249463,
    "water_used_mm": 320.09460966258337,
    "wue_kg_ha_per_mm": 11.77401317409779,
    "budget_compliance": 1,
    "drought_days_per_agent": 12.484615384615385,
    "waterlog_days_per_agent": 18.03846153846154,
    "pond_days_per_agent": 0.0,
    "x5_max_mm": 0.0,
    "x5_mean_mm": 0.0,
    "spatial_equity_cv": 0.007021089584566482
  },
  "solve_times": [
    36116.8851852417,
    114142.36545562744,
    43303.850412368774,
    18190.596103668213,
    61610.3150844574,
    25593.66536140442,
    16672.856330871582,
    30964.274644851685,
    62656.46004676819,
    126670.50313949585,
    155016.99924468994,
    109215.84677696228,
    71348.62112998962,
    13118.619918823242,
    13729.701042175293,
    59779.20055389404,
    18331.29644393921,
    88545.095205307,
    17990.298748016357,
    109084.93828773499,
    59769.58894729614,
    212851.82857513428,
    13880.050897598267,
    185152.20141410828,
    72917.39130020142,
    127686.00654602051,
    208351.49812698364,
    33601.115465164185,
    129205.30986785889,
    86355.09419441223,
    41636.45577430725,
    41216.12501144409,
    41598.639726638794,
    44289.32881355286,
    46941.5020942688,
    55634.14192199707,
    103982.5873374939,
    57787.201166152954,
    14340.05069732666,
    36374.226331710815,
    19066.49899482727,
    68373.4803199768,
    16045.91155052185,
    89343.94550323486,
    73343.20712089539,
    27246.089935302734,
    317286.3304615021,
    90592.05436706543,
    58964.91599082947,
    142725.34561157227,
    26755.16414642334,
    338280.2827358246,
    203714.33305740356,
    508991.1844730377,
    384632.82561302185,
    220251.52468681335,
    924328.4630775452,
    253787.034034729,
    802727.5128364563,
    56660.57825088501,
    1595765.397787094,
    463480.3218841553,
    877739.4411563873,
    185495.62621116638,
    505145.49922943115,
    606141.4318084717,
    45784.32583808899,
    139613.77382278442,
    158347.97072410583,
    174204.37741279602,
    274770.733833313,
    281922.90711402893,
    531584.8281383514,
    65230.77893257141,
    229636.01684570312,
    34777.66418457031,
    349791.88990592957,
    149138.8864517212,
    11001.781702041626,
    140760.55455207825,
    14060.715198516846,
    465824.2645263672,
    145346.2107181549,
    403920.35818099976,
    227320.95646858215,
    154432.48391151428,
    61497.68304824829,
    128758.38088989258,
    9032.108545303345,
    8025.029420852661,
    8220.738172531128,
    151562.10160255432,
    9634.76014137268
  ],
  "solve_time_mean_ms": 172438.0582199302,
  "solve_time_max_ms": 1595765.397787094,
  "completed_at": "2026-05-07T01:51:56"
}