{
  "scenario": "dry",
  "year": 2022,
  "crop": "Rice",
  "controller": "mpc_perfect_Hp8",
  "runoff_mode": "cascade",
  "budget_total": 484.0,
  "ub_mm_per_day": 12.0,
  "season_days": 93,
  "N_agents": 130,
  "initial_x1": 140.0,
  "initial_x5": 0.0,
  "seed": 0,
  "forecast_horizon": 0,
  "wallclock_seconds": 2324.8587505817413,
  "final_metrics": {
    "terminal_biomass_g_m2": 983.5568503252891,
    "yield_kg_ha": 4130.9387713662145,
    "water_used_mm": 465.64287841827377,
    "wue_kg_ha_per_mm": 8.871474176515827,
    "budget_compliance": 1,
    "drought_days_per_agent": 20.653846153846153,
    "waterlog_days_per_agent": 0.0,
    "pond_days_per_agent": 0.0,
    "x5_max_mm": 0.0,
    "x5_mean_mm": 0.0,
    "spatial_equity_cv": 0.0008109507051294902
  },
  "solve_times": [
    1875.6113052368164,
    1949.8636722564697,
    3146.714448928833,
    2507.753849029541,
    2731.9517135620117,
    3232.6769828796387,
    23823.61364364624,
    45619.667530059814,
    3797.147512435913,
    55002.920150756836,
    6889.668941497803,
    25287.31369972229,
    39274.69611167908,
    14624.194860458374,
    34998.31295013428,
    46616.5087223053,
    12959.27381515503,
    15963.700771331787,
    54571.71273231506,
    56958.133935928345,
    7372.435808181763,
    28637.088775634766,
    44084.2068195343,
    8789.738893508911,
    6176.749229431152,
    42934.046268463135,
    33965.73710441589,
    58740.40508270264,
    4274.762868881226,
    36198.78554344177,
    4089.935541152954,
    23617.278337478638,
    5097.856760025024,
    4772.803783416748,
    22283.328533172607,
    36316.51067733765,
    2878.880262374878,
    22395.0138092041,
    3169.8031425476074,
    6903.352737426758,
    35092.66972541809,
    61170.231103897095,
    22012.03227043152,
    7276.02744102478,
    47380.958557128906,
    70261.5237236023,
    41471.89283370972,
    61991.175413131714,
    40411.351442337036,
    23285.4745388031,
    63836.27533912659,
    20390.377283096313,
    28157.397747039795,
    23369.98200416565,
    24142.483949661255,
    6564.305782318115,
    83517.74740219116,
    42614.06946182251,
    4753.2336711883545,
    40385.41054725647,
    30095.454692840576,
    9312.150716781616,
    22244.26770210266,
    19561.294555664062,
    14344.910144805908,
    5235.495805740356,
    5960.618495941162,
    27928.07650566101,
    38675.94909667969,
    36680.158853530884,
    15647.425413131714,
    5084.334373474121,
    28576.459646224976,
    20589.76650238037,
    4938.370227813721,
    34808.016300201416,
    10779.36863899231,
    8986.342906951904,
    20954.26654815674,
    8736.792087554932,
    32033.85591506958,
    21984.813928604126,
    24188.1902217865,
    80382.88021087646,
    3880.5482387542725,
    56768.935441970825,
    3334.634780883789,
    24199.082612991333,
    3819.9687004089355,
    39743.54887008667,
    35139.49465751648,
    19124.177932739258,
    8265.645503997803
  ],
  "solve_time_mean_ms": 24995.914771992673,
  "solve_time_max_ms": 83517.74740219116,
  "completed_at": "2026-05-03T14:13:20"
}