{
  "scenario": "dry",
  "year": 2022,
  "crop": "Rice",
  "controller": "mpc_perfect_Hp3",
  "runoff_mode": "cascade",
  "budget_total": 411.4,
  "ub_mm_per_day": 12.0,
  "season_days": 93,
  "N_agents": 130,
  "initial_x1": 140.0,
  "initial_x5": 0.0,
  "seed": 0,
  "forecast_horizon": 0,
  "wallclock_seconds": 191.39796566963196,
  "final_metrics": {
    "terminal_biomass_g_m2": 969.4957191672629,
    "yield_kg_ha": 4071.882020502504,
    "water_used_mm": 411.3145198225029,
    "wue_kg_ha_per_mm": 9.899679744492532,
    "budget_compliance": 1,
    "drought_days_per_agent": 37.87692307692308,
    "waterlog_days_per_agent": 0.0,
    "pond_days_per_agent": 0.0,
    "x5_max_mm": 0.0,
    "x5_mean_mm": 0.0,
    "spatial_equity_cv": 0.0015688143245668493
  },
  "solve_times": [
    651.634693145752,
    660.7182025909424,
    706.2413692474365,
    668.7886714935303,
    678.1446933746338,
    616.9300079345703,
    420.13096809387207,
    555.9375286102295,
    471.93121910095215,
    506.50882720947266,
    1149.0700244903564,
    427.152156829834,
    957.9565525054932,
    17655.985593795776,
    527.8275012969971,
    370.5122470855713,
    623.9206790924072,
    495.55277824401855,
    523.2155323028564,
    395.01404762268066,
    727.4112701416016,
    544.4271564483643,
    561.5947246551514,
    876.5168190002441,
    1653.8851261138916,
    1929.8746585845947,
    2506.420612335205,
    546.2920665740967,
    534.9674224853516,
    682.0695400238037,
    1094.6688652038574,
    6620.533466339111,
    7442.580223083496,
    3874.5763301849365,
    1100.4042625427246,
    582.1568965911865,
    480.85975646972656,
    15341.21561050415,
    868.1046962738037,
    901.8094539642334,
    437.7591609954834,
    385.61463356018066,
    488.91735076904297,
    6624.81164932251,
    3513.099431991577,
    580.7151794433594,
    481.7507266998291,
    416.3928031921387,
    497.7073669433594,
    442.5833225250244,
    625.0591278076172,
    7600.579023361206,
    860.0616455078125,
    461.15684509277344,
    11413.322925567627,
    3539.469003677368,
    884.8307132720947,
    555.6268692016602,
    460.80565452575684,
    460.69860458374023,
    476.9270420074463,
    561.5286827087402,
    586.3349437713623,
    1403.0976295471191,
    1316.1249160766602,
    775.216817855835,
    750.408411026001,
    1529.9112796783447,
    5248.788833618164,
    18117.086172103882,
    9076.07913017273,
    3078.4881114959717,
    534.09743309021,
    3921.675682067871,
    612.5369071960449,
    477.31471061706543,
    515.8884525299072,
    502.5601387023926,
    549.4894981384277,
    9939.085483551025,
    3299.9985218048096,
    571.1121559143066,
    3179.50177192688,
    625.8800029754639,
    508.78453254699707,
    456.21323585510254,
    470.51382064819336,
    449.97096061706543,
    505.4342746734619,
    449.25451278686523,
    579.9558162689209,
    608.8805198669434,
    816.5218830108643
  ],
  "solve_time_mean_ms": 2055.4749094029908,
  "solve_time_max_ms": 18117.086172103882,
  "completed_at": "2026-04-28T23:17:47"
}