{
  "scenario": "dry",
  "year": 2022,
  "crop": "Rice",
  "controller": "mpc_perfect_Hp14",
  "runoff_mode": "cascade",
  "budget_total": 338.79999999999995,
  "ub_mm_per_day": 12.0,
  "season_days": 93,
  "N_agents": 130,
  "initial_x1": 140.0,
  "initial_x5": 0.0,
  "seed": 0,
  "forecast_horizon": 0,
  "wallclock_seconds": 4250.701112508774,
  "final_metrics": {
    "terminal_biomass_g_m2": 896.5848394007563,
    "yield_kg_ha": 3765.6563254831763,
    "water_used_mm": 338.260682515847,
    "wue_kg_ha_per_mm": 11.13240917471028,
    "budget_compliance": 1,
    "drought_days_per_agent": 34.292307692307695,
    "waterlog_days_per_agent": 12.323076923076924,
    "pond_days_per_agent": 0.0,
    "x5_max_mm": 0.0,
    "x5_mean_mm": 0.0,
    "spatial_equity_cv": 0.0011206006384658024
  },
  "solve_times": [
    82855.24225234985,
    8542.285919189453,
    82078.40275764465,
    7181.540489196777,
    102601.98855400085,
    102588.61231803894,
    159243.905544281,
    18326.252222061157,
    34848.87719154358,
    67614.93301391602,
    69588.18173408508,
    13951.062679290771,
    16913.594722747803,
    9657.709121704102,
    227093.49918365479,
    179435.71257591248,
    113884.0217590332,
    6336.279392242432,
    5220.775604248047,
    5154.728889465332,
    46165.674686431885,
    47055.38249015808,
    8443.944215774536,
    7103.483200073242,
    361253.53264808655,
    8567.739725112915,
    17398.827075958252,
    6706.916332244873,
    75020.84016799927,
    12678.335905075073,
    30557.945489883423,
    17926.950454711914,
    86067.66200065613,
    9203.936100006104,
    74843.03379058838,
    63081.05754852295,
    69233.6277961731,
    114922.09053039551,
    7419.3432331085205,
    14322.63159751892,
    67633.53705406189,
    103124.69053268433,
    76626.05786323547,
    154278.3842086792,
    96108.44731330872,
    92838.7279510498,
    128674.39270019531,
    62588.369369506836,
    10385.62798500061,
    9075.854301452637,
    25166.292905807495,
    141239.28666114807,
    173759.1381072998,
    102158.35499763489,
    47597.78094291687,
    34397.37892150879,
    50969.71893310547,
    59030.1992893219,
    56471.37498855591,
    26485.316276550293,
    100515.55967330933,
    30058.29930305481,
    19066.1301612854,
    4098.986864089966,
    4236.236095428467,
    4136.506080627441,
    5290.742635726929,
    5474.178075790405,
    5330.816030502319,
    5285.5064868927,
    5482.10072517395,
    6698.328018188477,
    6923.660516738892,
    6724.120140075684,
    10097.707748413086,
    11548.715353012085,
    11505.11646270752,
    10883.52632522583,
    6662.968397140503,
    6068.740129470825,
    6258.138418197632,
    10277.621030807495,
    5956.523180007935,
    5812.391996383667,
    5714.03169631958,
    5812.231540679932,
    5675.560712814331,
    6172.983646392822,
    4660.839080810547,
    4368.511915206909,
    4688.353776931763,
    4768.808364868164,
    4498.961687088013
  ],
  "solve_time_mean_ms": 45703.78918801584,
  "solve_time_max_ms": 361253.53264808655,
  "completed_at": "2026-04-27T22:38:51"
}