{
  "scenario": "moderate",
  "year": 2020,
  "crop": "Rice",
  "controller": "mpc_perfect_Hp14",
  "runoff_mode": "cascade",
  "budget_total": 338.79999999999995,
  "ub_mm_per_day": 12.0,
  "season_days": 93,
  "N_agents": 130,
  "initial_x1": 140.0,
  "initial_x5": 0.0,
  "seed": 0,
  "forecast_horizon": 0,
  "wallclock_seconds": 4660.043526172638,
  "final_metrics": {
    "terminal_biomass_g_m2": 860.3797175173919,
    "yield_kg_ha": 3613.5948135730455,
    "water_used_mm": 338.0411492893375,
    "wue_kg_ha_per_mm": 10.689807501749094,
    "budget_compliance": 1,
    "drought_days_per_agent": 35.06153846153846,
    "waterlog_days_per_agent": 0.0,
    "pond_days_per_agent": 0.0,
    "x5_max_mm": 0.0,
    "x5_mean_mm": 0.0,
    "spatial_equity_cv": 0.003209697481519379
  },
  "solve_times": [
    35070.09148597717,
    12124.741315841675,
    227239.43281173706,
    33757.967948913574,
    27885.267734527588,
    51731.656551361084,
    5710.45184135437,
    7908.406972885132,
    8672.258377075195,
    21056.610822677612,
    52276.10754966736,
    22530.7035446167,
    59053.12156677246,
    38434.23533439636,
    8356.094360351562,
    69782.42897987366,
    49261.194467544556,
    209846.63915634155,
    139021.47960662842,
    147835.59131622314,
    237000.38766860962,
    212417.0105457306,
    138332.7910900116,
    147551.52702331543,
    163880.42187690735,
    32674.299716949463,
    52444.74649429321,
    109539.68358039856,
    68073.46868515015,
    61738.41166496277,
    13277.809619903564,
    13478.92141342163,
    52362.66779899597,
    105794.25263404846,
    92661.07606887817,
    85352.06890106201,
    73454.23483848572,
    247155.96461296082,
    101913.54727745056,
    18202.950716018677,
    83422.05953598022,
    14900.51794052124,
    83447.01218605042,
    175105.97491264343,
    156173.96783828735,
    158902.14467048645,
    127563.26913833618,
    12713.077545166016,
    14138.47541809082,
    8278.497219085693,
    8611.741304397583,
    17331.146955490112,
    10172.517776489258,
    30597.183227539062,
    46164.82400894165,
    74692.99173355103,
    74535.0251197815,
    73727.82707214355,
    28586.230993270874,
    22260.59079170227,
    17287.035703659058,
    10485.567569732666,
    8573.334217071533,
    4674.643754959106,
    4629.49013710022,
    4544.685363769531,
    4491.676092147827,
    4376.662015914917,
    4281.256914138794,
    4186.183214187622,
    4225.370168685913,
    4117.377758026123,
    4059.4735145568848,
    3943.8719749450684,
    4979.371547698975,
    4953.214406967163,
    5549.379825592041,
    5561.612367630005,
    5617.702484130859,
    5434.79585647583,
    5737.843751907349,
    5513.467788696289,
    5570.9779262542725,
    5682.642221450806,
    5444.896221160889,
    5423.049211502075,
    5303.243398666382,
    5226.835489273071,
    4974.718332290649,
    4949.928522109985,
    4997.804403305054,
    5051.103115081787,
    3778.757095336914
  ],
  "solve_time_mean_ms": 50105.52442714732,
  "solve_time_max_ms": 247155.96461296082,
  "completed_at": "2026-04-27T23:57:17"
}