{
  "scenario": "moderate",
  "year": 2020,
  "crop": "Rice",
  "controller": "mpc_perfect_Hp8",
  "runoff_mode": "cascade",
  "budget_total": 484.0,
  "ub_mm_per_day": 12.0,
  "season_days": 93,
  "N_agents": 130,
  "initial_x1": 140.0,
  "initial_x5": 0.0,
  "seed": 0,
  "forecast_horizon": 0,
  "wallclock_seconds": 2571.7133135795593,
  "final_metrics": {
    "terminal_biomass_g_m2": 959.7619888017999,
    "yield_kg_ha": 4031.0003529675596,
    "water_used_mm": 476.12373024041693,
    "wue_kg_ha_per_mm": 8.466287431067805,
    "budget_compliance": 1,
    "drought_days_per_agent": 7.123076923076923,
    "waterlog_days_per_agent": 0.0,
    "pond_days_per_agent": 0.0,
    "x5_max_mm": 0.0,
    "x5_mean_mm": 0.0,
    "spatial_equity_cv": 0.0011652822554311952
  },
  "solve_times": [
    4269.484519958496,
    7122.459173202515,
    8507.641553878784,
    4198.071718215942,
    6574.900150299072,
    10298.019886016846,
    20473.582983016968,
    20439.523696899414,
    5801.842927932739,
    31515.88249206543,
    21895.610094070435,
    31260.075569152832,
    2476.576089859009,
    31490.83948135376,
    2220.0863361358643,
    3714.425563812256,
    3900.796413421631,
    30210.514545440674,
    12086.76791191101,
    5476.026773452759,
    30807.507038116455,
    2859.4985008239746,
    49484.31396484375,
    67376.09648704529,
    4030.7435989379883,
    86506.6967010498,
    45794.69704627991,
    11312.762022018433,
    37720.65472602844,
    7562.9096031188965,
    9463.483095169067,
    6176.625967025757,
    45654.49142456055,
    63311.17820739746,
    21023.804426193237,
    56504.84347343445,
    69889.04452323914,
    7812.394380569458,
    23016.17121696472,
    8045.114994049072,
    26892.37689971924,
    30352.784633636475,
    20901.647090911865,
    2941.2269592285156,
    3032.3965549468994,
    40910.154819488525,
    48652.2319316864,
    45551.30481719971,
    71182.75237083435,
    89571.34509086609,
    16225.911617279053,
    2920.94349861145,
    73066.71476364136,
    86149.58214759827,
    10285.518169403076,
    33643.157720565796,
    3099.9395847320557,
    19828.284978866577,
    5277.9669761657715,
    2165.424346923828,
    3524.4648456573486,
    2116.3995265960693,
    40707.380294799805,
    36220.783710479736,
    3581.3090801239014,
    26650.42996406555,
    3397.4316120147705,
    3451.9267082214355,
    1843.7206745147705,
    37384.995460510254,
    35310.96005439758,
    10302.553653717041,
    17747.963428497314,
    118618.67880821228,
    30555.570602416992,
    31336.692094802856,
    34630.404472351074,
    10029.16407585144,
    47340.85011482239,
    69055.002450943,
    90005.97357749939,
    81267.42672920227,
    47607.96570777893,
    17841.104984283447,
    3214.735984802246,
    36383.586406707764,
    5128.609657287598,
    42453.299045562744,
    8822.499513626099,
    39869.15564537048,
    17366.33610725403,
    35455.42526245117,
    31037.32919692993
  ],
  "solve_time_mean_ms": 27647.289824742144,
  "solve_time_max_ms": 118618.67880821228,
  "completed_at": "2026-04-27T18:39:07"
}