{
  "scenario": "moderate",
  "year": 2020,
  "crop": "Rice",
  "controller": "mpc_perfect_Hp8",
  "runoff_mode": "cascade",
  "budget_total": 338.79999999999995,
  "ub_mm_per_day": 12.0,
  "season_days": 93,
  "N_agents": 130,
  "initial_x1": 140.0,
  "initial_x5": 0.0,
  "seed": 0,
  "forecast_horizon": 0,
  "wallclock_seconds": 961.220673084259,
  "final_metrics": {
    "terminal_biomass_g_m2": 863.1765699496043,
    "yield_kg_ha": 3625.3415937883383,
    "water_used_mm": 338.7057569393256,
    "wue_kg_ha_per_mm": 10.703513357872353,
    "budget_compliance": 1,
    "drought_days_per_agent": 35.05384615384615,
    "waterlog_days_per_agent": 0.0,
    "pond_days_per_agent": 0.0,
    "x5_max_mm": 0.0,
    "x5_mean_mm": 0.0,
    "spatial_equity_cv": 0.0016576989648760837
  },
  "solve_times": [
    2706.958532333374,
    4735.105514526367,
    2071.8131065368652,
    2378.2761096954346,
    4980.3307056427,
    4567.316293716431,
    4645.267963409424,
    3153.820753097534,
    12338.732957839966,
    4928.046464920044,
    1921.2565422058105,
    8373.836755752563,
    32543.226957321167,
    16550.570249557495,
    11933.149814605713,
    27204.005002975464,
    15496.546268463135,
    7835.17599105835,
    2230.3028106689453,
    4300.926208496094,
    72689.95332717896,
    1687.7326965332031,
    48316.622257232666,
    9250.58126449585,
    2792.6392555236816,
    44601.59206390381,
    1916.1827564239502,
    7980.75795173645,
    2613.105058670044,
    46090.52586555481,
    1842.1704769134521,
    16381.168127059937,
    1809.145450592041,
    9407.43112564087,
    32641.480207443237,
    10170.92776298523,
    12192.726850509644,
    4365.9796714782715,
    13939.7292137146,
    18019.73032951355,
    13315.384149551392,
    14501.193046569824,
    1798.7456321716309,
    5385.082721710205,
    23992.23756790161,
    2013.5743618011475,
    26663.321256637573,
    1460.2348804473877,
    38135.24103164673,
    21339.70808982849,
    8087.306022644043,
    9552.550077438354,
    4953.468322753906,
    9741.228103637695,
    10198.326826095581,
    13822.4196434021,
    1724.8508930206299,
    19490.378379821777,
    23048.484325408936,
    24897.39966392517,
    104273.08058738708,
    2371.891498565674,
    2858.745574951172,
    1286.0000133514404,
    1291.675329208374,
    1281.130313873291,
    1251.410961151123,
    1269.8945999145508,
    1262.2158527374268,
    1278.4335613250732,
    1241.3313388824463,
    1293.7088012695312,
    1266.6702270507812,
    1513.4367942810059,
    1496.013879776001,
    1468.7471389770508,
    1531.8281650543213,
    1479.4871807098389,
    1428.1806945800781,
    1401.876449584961,
    1425.0121116638184,
    1480.445384979248,
    1602.8141975402832,
    1630.3737163543701,
    1637.4478340148926,
    1631.6719055175781,
    1600.409984588623,
    1549.210548400879,
    1496.2413311004639,
    1574.9115943908691,
    1602.2593975067139,
    1640.0861740112305,
    1905.7362079620361
  ],
  "solve_time_mean_ms": 10333.853344763478,
  "solve_time_max_ms": 104273.08058738708,
  "completed_at": "2026-04-27T20:51:38"
}