{
  "scenario": "wet",
  "year": 2024,
  "crop": "Rice",
  "controller": "mpc_perfect_Hp14",
  "runoff_mode": "cascade",
  "budget_total": 484.0,
  "ub_mm_per_day": 12.0,
  "season_days": 93,
  "N_agents": 130,
  "initial_x1": 140.0,
  "initial_x5": 0.0,
  "seed": 0,
  "forecast_horizon": 0,
  "wallclock_seconds": 13831.44706583023,
  "final_metrics": {
    "terminal_biomass_g_m2": 892.5336240704524,
    "yield_kg_ha": 3748.6412210959,
    "water_used_mm": 330.4649670036621,
    "wue_kg_ha_per_mm": 11.343535912701933,
    "budget_compliance": 1,
    "drought_days_per_agent": 7.6,
    "waterlog_days_per_agent": 31.446153846153845,
    "pond_days_per_agent": 0.0,
    "x5_max_mm": 0.4348610718851216,
    "x5_mean_mm": 0.0005245744268105624,
    "spatial_equity_cv": 0.016438848714469385
  },
  "solve_times": [
    66992.90633201599,
    72619.14658546448,
    9612.428426742554,
    103389.52374458313,
    82931.33163452148,
    7832.743883132935,
    67303.61485481262,
    11930.129289627075,
    15096.593856811523,
    11303.725719451904,
    112187.12878227234,
    213826.6634941101,
    15633.101463317871,
    63666.86296463013,
    32141.133308410645,
    20830.60598373413,
    13897.122859954834,
    8196.57301902771,
    82944.331407547,
    143322.26133346558,
    48193.80807876587,
    49661.23914718628,
    12401.756525039673,
    153035.81166267395,
    10317.67225265503,
    10215.616226196289,
    129952.35466957092,
    96268.53919029236,
    53628.432273864746,
    37029.30927276611,
    13890.518426895142,
    83847.85652160645,
    14236.886978149414,
    37462.74542808533,
    33881.21008872986,
    97389.46342468262,
    43830.44791221619,
    53584.02872085571,
    34564.390897750854,
    38669.53468322754,
    32292.089223861694,
    8343.61982345581,
    70727.26511955261,
    29701.1821269989,
    87815.0475025177,
    35968.03259849548,
    8110.007286071777,
    5545.252561569214,
    5531.745433807373,
    5475.744962692261,
    5541.9981479644775,
    5437.293767929077,
    6114.966869354248,
    117784.1444015503,
    61557.90615081787,
    41954.32496070862,
    215089.01739120483,
    77221.10986709595,
    417124.2415904999,
    67415.61889648438,
    91187.62254714966,
    667937.63256073,
    497901.1244773865,
    545696.9456672668,
    591952.3041248322,
    758869.7865009308,
    55367.33841896057,
    212650.6118774414,
    238166.330575943,
    503522.7105617523,
    237537.98270225525,
    178333.21619033813,
    162276.6501903534,
    632744.4190979004,
    82376.0883808136,
    317918.38359832764,
    261800.4071712494,
    493108.4966659546,
    197114.8362159729,
    194508.83769989014,
    305665.509223938,
    375778.0385017395,
    558575.6015777588,
    579006.2508583069,
    128398.07963371277,
    569837.2230529785,
    51126.075744628906,
    12347.930669784546,
    330327.0092010498,
    210043.69568824768,
    9598.219871520996,
    7189.743995666504,
    259922.6906299591
  ],
  "solve_time_mean_ms": 148723.20380518513,
  "solve_time_max_ms": 758869.7865009308,
  "completed_at": "2026-05-05T03:17:24"
}