{
  "scenario": "dry",
  "year": 2022,
  "crop": "Rice",
  "controller": "mpc_perfect_Hp8",
  "runoff_mode": "cascade",
  "budget_total": 484.0,
  "ub_mm_per_day": 12.0,
  "season_days": 93,
  "N_agents": 130,
  "initial_x1": 140.0,
  "initial_x5": 0.0,
  "seed": 0,
  "forecast_horizon": 0,
  "wallclock_seconds": 3603.128643512726,
  "final_metrics": {
    "terminal_biomass_g_m2": 999.6987483357848,
    "yield_kg_ha": 4198.734743010296,
    "water_used_mm": 475.89820713323627,
    "wue_kg_ha_per_mm": 8.822758060600941,
    "budget_compliance": 1,
    "drought_days_per_agent": 5.007692307692308,
    "waterlog_days_per_agent": 1.8846153846153846,
    "pond_days_per_agent": 0.0,
    "x5_max_mm": 0.0,
    "x5_mean_mm": 0.0,
    "spatial_equity_cv": 0.0008483934266402028
  },
  "solve_times": [
    6855.989456176758,
    6996.68025970459,
    26572.503805160522,
    23946.553707122803,
    97553.29322814941,
    8461.675882339478,
    3732.3126792907715,
    24269.93203163147,
    26903.509378433228,
    50370.66602706909,
    13604.053020477295,
    34225.53062438965,
    40194.57793235779,
    48369.98009681702,
    20855.46898841858,
    6223.6833572387695,
    27026.607990264893,
    66793.30134391785,
    38259.36722755432,
    6886.737585067749,
    439667.74678230286,
    50453.92203330994,
    11589.290380477905,
    26899.38712120056,
    19100.65531730652,
    19839.76936340332,
    3886.324167251587,
    45818.95732879639,
    17097.946882247925,
    3083.2359790802,
    21801.279544830322,
    11535.966873168945,
    2201.6406059265137,
    12113.739728927612,
    31450.891733169556,
    19855.644941329956,
    11086.393117904663,
    13321.779251098633,
    2387.8073692321777,
    16600.55160522461,
    39602.08344459534,
    24314.288854599,
    15506.581783294678,
    2542.5291061401367,
    2836.5795612335205,
    2999.3224143981934,
    12509.653091430664,
    26146.125316619873,
    33373.591899871826,
    3677.3464679718018,
    4705.052614212036,
    4326.186656951904,
    4678.537130355835,
    28621.037244796753,
    5326.9782066345215,
    10033.963441848755,
    2663.609027862549,
    23515.119791030884,
    2335.862874984741,
    47174.57437515259,
    2530.341386795044,
    68306.9052696228,
    27887.22538948059,
    106898.00333976746,
    248492.05017089844,
    51803.0161857605,
    371231.4221858978,
    41691.13755226135,
    62551.71537399292,
    45079.41436767578,
    84487.94150352478,
    60079.214572906494,
    3843.6520099639893,
    97876.34944915771,
    10049.257516860962,
    130671.84352874756,
    10761.56759262085,
    35989.26401138306,
    3048.6221313476562,
    9448.757648468018,
    30835.563898086548,
    31104.804515838623,
    39149.67107772827,
    40581.623554229736,
    24135.935068130493,
    26111.72914505005,
    83053.95793914795,
    3463.3870124816895,
    50249.0119934082,
    32411.152124404907,
    41897.67408370972,
    39542.04535484314,
    32813.77410888672
  ],
  "solve_time_mean_ms": 38740.4560119875,
  "solve_time_max_ms": 439667.74678230286,
  "completed_at": "2026-04-27T17:48:06"
}