{
  "scenario": "moderate",
  "year": 2020,
  "crop": "Rice",
  "controller": "mpc_perfect_Hp3",
  "runoff_mode": "cascade",
  "budget_total": 484.0,
  "ub_mm_per_day": 12.0,
  "season_days": 93,
  "N_agents": 130,
  "initial_x1": 140.0,
  "initial_x5": 0.0,
  "seed": 0,
  "forecast_horizon": 0,
  "wallclock_seconds": 173.273535490036,
  "final_metrics": {
    "terminal_biomass_g_m2": 946.7661508462304,
    "yield_kg_ha": 3976.4178335541674,
    "water_used_mm": 461.58851429351444,
    "wue_kg_ha_per_mm": 8.614637735603722,
    "budget_compliance": 1,
    "drought_days_per_agent": 42.89230769230769,
    "waterlog_days_per_agent": 0.0,
    "pond_days_per_agent": 0.0,
    "x5_max_mm": 0.0,
    "x5_mean_mm": 0.0,
    "spatial_equity_cv": 0.0009364839141491478
  },
  "solve_times": [
    635.7076168060303,
    550.4448413848877,
    550.9519577026367,
    694.166898727417,
    565.2222633361816,
    594.7699546813965,
    450.1786231994629,
    546.5209484100342,
    984.5726490020752,
    630.4097175598145,
    637.1545791625977,
    538.1689071655273,
    669.4774627685547,
    664.2777919769287,
    571.3400840759277,
    666.3901805877686,
    578.2220363616943,
    585.4198932647705,
    566.7521953582764,
    985.5577945709229,
    806.1661720275879,
    684.0996742248535,
    533.3716869354248,
    919.1956520080566,
    587.9645347595215,
    660.696268081665,
    6058.803558349609,
    9293.202877044678,
    10209.375858306885,
    681.9767951965332,
    1211.4078998565674,
    5984.580039978027,
    592.5273895263672,
    1362.6792430877686,
    8074.951648712158,
    12012.834072113037,
    3678.196668624878,
    577.324628829956,
    547.1115112304688,
    603.5857200622559,
    6170.12619972229,
    1009.4692707061768,
    445.47414779663086,
    2629.3773651123047,
    748.8274574279785,
    1022.5396156311035,
    1093.731164932251,
    730.2052974700928,
    475.64244270324707,
    439.039945602417,
    497.0686435699463,
    584.5181941986084,
    896.174430847168,
    1764.9617195129395,
    613.0378246307373,
    527.076005935669,
    2371.2899684906006,
    1352.686882019043,
    15304.335355758667,
    1463.789701461792,
    534.9905490875244,
    538.4552478790283,
    562.1871948242188,
    12140.355110168457,
    725.2802848815918,
    492.3253059387207,
    2944.277763366699,
    6477.931261062622,
    2636.223793029785,
    599.2381572723389,
    1812.931776046753,
    1029.6134948730469,
    568.6435699462891,
    3033.190965652466,
    5349.772691726685,
    869.7872161865234,
    581.7146301269531,
    898.0872631072998,
    1418.0173873901367,
    641.4098739624023,
    596.8332290649414,
    710.9861373901367,
    608.1080436706543,
    2869.2286014556885,
    553.4203052520752,
    556.8079948425293,
    934.2715740203857,
    680.0346374511719,
    617.8522109985352,
    580.0275802612305,
    920.4363822937012,
    778.9731025695801,
    674.5109558105469
  ],
  "solve_time_mean_ms": 1858.2909055935438,
  "solve_time_max_ms": 15304.335355758667,
  "completed_at": "2026-04-28T23:24:08"
}