{
  "scenario": "wet",
  "year": 2024,
  "crop": "Rice",
  "controller": "mpc_perfect_Hp14",
  "runoff_mode": "cascade",
  "budget_total": 411.4,
  "ub_mm_per_day": 12.0,
  "season_days": 93,
  "N_agents": 130,
  "initial_x1": 140.0,
  "initial_x5": 0.0,
  "seed": 0,
  "forecast_horizon": 0,
  "wallclock_seconds": 4576.698917150497,
  "final_metrics": {
    "terminal_biomass_g_m2": 809.7956361483456,
    "yield_kg_ha": 3401.1416718230516,
    "water_used_mm": 410.2240721358029,
    "wue_kg_ha_per_mm": 8.290936351236645,
    "budget_compliance": 1,
    "drought_days_per_agent": 1.8615384615384616,
    "waterlog_days_per_agent": 65.04615384615384,
    "pond_days_per_agent": 0.007692307692307693,
    "x5_max_mm": 5.242390168650279,
    "x5_mean_mm": 0.06475917003164414,
    "spatial_equity_cv": 0.038596277413267766
  },
  "solve_times": [
    24461.040258407593,
    111604.17151451111,
    142119.67420578003,
    82331.11882209778,
    8714.439392089844,
    25483.850717544556,
    94122.23434448242,
    11936.098575592041,
    71050.75168609619,
    9205.742597579956,
    46801.23567581177,
    5529.0539264678955,
    23452.83269882202,
    70440.88459014893,
    15970.364570617676,
    41405.24411201477,
    12120.112895965576,
    98001.65486335754,
    93461.4667892456,
    8993.72148513794,
    9815.99760055542,
    129211.05599403381,
    7162.135124206543,
    99626.85966491699,
    17983.010053634644,
    213574.3019580841,
    128955.89470863342,
    90298.63405227661,
    209366.03164672852,
    113421.03457450867,
    8152.41551399231,
    7769.6075439453125,
    19181.135654449463,
    11217.473030090332,
    7651.2792110443115,
    36397.24826812744,
    56634.62948799133,
    57476.21178627014,
    108569.84233856201,
    390406.6083431244,
    50112.75911331177,
    68920.90606689453,
    43245.69034576416,
    17186.222553253174,
    38435.55307388306,
    25762.099027633667,
    8587.08643913269,
    5561.2640380859375,
    77066.48468971252,
    7579.608201980591,
    205710.5326652527,
    489480.504989624,
    55147.15600013733,
    12373.502254486084,
    24825.32238960266,
    12063.154458999634,
    13439.960479736328,
    21771.913528442383,
    13924.1201877594,
    24005.501985549927,
    22875.04243850708,
    92547.07217216492,
    50940.847396850586,
    7363.3713722229,
    15426.34654045105,
    31143.182277679443,
    43172.13034629822,
    14386.023998260498,
    11984.247207641602,
    20915.34471511841,
    7361.892938613892,
    12780.717611312866,
    55882.72666931152,
    20447.93939590454,
    19109.33542251587,
    18263.309955596924,
    20086.483001708984,
    13462.255239486694,
    22630.32841682434,
    25866.328239440918,
    17392.504453659058,
    22799.195766448975,
    18008.888721466064,
    7465.458154678345,
    6127.643823623657,
    5879.529714584351,
    5658.870458602905,
    5480.780601501465,
    5277.981519699097,
    5241.164445877075,
    5084.6848487854,
    5128.048896789551,
    5041.760444641113
  ],
  "solve_time_mean_ms": 49209.762150241484,
  "solve_time_max_ms": 489480.504989624,
  "completed_at": "2026-04-28T22:09:45"
}