{
  "scenario": "wet",
  "year": 2024,
  "crop": "Rice",
  "controller": "fixed_schedule",
  "runoff_mode": "cascade",
  "budget_total": 484.0,
  "ub_mm_per_day": 12.0,
  "season_days": 93,
  "N_agents": 130,
  "initial_x1": 140.0,
  "initial_x5": 0.0,
  "seed": 0,
  "forecast_horizon": 0,
  "wallclock_seconds": 0.16709399223327637,
  "final_metrics": {
    "terminal_biomass_g_m2": 657.7598266085517,
    "yield_kg_ha": 2762.5912717559177,
    "water_used_mm": 484.0,
    "wue_kg_ha_per_mm": 5.707833206107268,
    "budget_compliance": 1,
    "drought_days_per_agent": 3.792307692307692,
    "waterlog_days_per_agent": 84.06923076923077,
    "sink_pond_days": 53.0,
    "sink_x5_max_mm": 469.1025469015787,
    "spatial_equity_cv": 0.04338282499599568
  },
  "completed_at": "2026-04-26T03:44:50"
}