{
  "scenario": "moderate",
  "year": 2018,
  "crop": "Rice",
  "controller": "fixed_schedule",
  "runoff_mode": "cascade",
  "budget_total": 411.4,
  "ub_mm_per_day": 12.0,
  "season_days": 93,
  "N_agents": 130,
  "initial_x1": 140.0,
  "initial_x5": 0.0,
  "seed": 0,
  "forecast_horizon": 0,
  "wallclock_seconds": 0.1403827667236328,
  "final_metrics": {
    "terminal_biomass_g_m2": 787.9667186555383,
    "yield_kg_ha": 3309.4602183532606,
    "water_used_mm": 411.3999999999999,
    "wue_kg_ha_per_mm": 8.044385557494559,
    "budget_compliance": 1,
    "drought_days_per_agent": 36.94615384615385,
    "waterlog_days_per_agent": 43.96923076923077,
    "pond_days_per_agent": 0.0,
    "x5_max_mm": 0.0,
    "x5_mean_mm": 0.0,
    "spatial_equity_cv": 0.0004801547163066257
  },
  "completed_at": "2026-05-13T07:52:33"
}