{
  "scenario": "dry",
  "year": 2022,
  "crop": "Rice",
  "controller": "mpc_perfect_Hp8",
  "runoff_mode": "cascade",
  "budget_total": 338.79999999999995,
  "ub_mm_per_day": 12.0,
  "season_days": 93,
  "N_agents": 130,
  "initial_x1": 140.0,
  "initial_x5": 0.0,
  "seed": 0,
  "forecast_horizon": 0,
  "wallclock_seconds": 1318.1955907344818,
  "final_metrics": {
    "terminal_biomass_g_m2": 896.7324668113281,
    "yield_kg_ha": 3766.2763606075778,
    "water_used_mm": 338.6641015958665,
    "wue_kg_ha_per_mm": 11.12097899617934,
    "budget_compliance": 1,
    "drought_days_per_agent": 31.607692307692307,
    "waterlog_days_per_agent": 1.3846153846153846,
    "pond_days_per_agent": 0.0,
    "x5_max_mm": 0.0,
    "x5_mean_mm": 0.0,
    "spatial_equity_cv": 0.0012681233257846914
  },
  "solve_times": [
    3040.0617122650146,
    8066.203355789185,
    4873.743772506714,
    4949.107646942139,
    3047.572135925293,
    25003.71527671814,
    18324.585914611816,
    5197.077035903931,
    22463.356494903564,
    18132.60579109192,
    23039.985418319702,
    24554.316520690918,
    24501.129150390625,
    39482.90491104126,
    20939.62049484253,
    20826.276540756226,
    26079.293727874756,
    14912.892818450928,
    39565.516233444214,
    2908.621072769165,
    13116.708517074585,
    5781.280040740967,
    2315.150737762451,
    21674.043893814087,
    60614.31431770325,
    21761.818408966064,
    31692.936897277832,
    56193.34101676941,
    34623.53801727295,
    21674.889087677002,
    23524.768829345703,
    17401.35359764099,
    39479.456186294556,
    1952.5179862976074,
    4163.571119308472,
    2658.111810684204,
    3532.6664447784424,
    14184.206485748291,
    56564.770221710205,
    13657.543182373047,
    30493.77179145813,
    44926.25975608826,
    27550.573348999023,
    3024.8591899871826,
    29959.943771362305,
    29316.15948677063,
    43834.18965339661,
    4513.358354568481,
    3753.3254623413086,
    4180.784225463867,
    2532.289981842041,
    40329.845666885376,
    3084.5868587493896,
    27395.135164260864,
    6337.820291519165,
    25683.796405792236,
    2583.3334922790527,
    18791.606426239014,
    13448.805093765259,
    39941.61891937256,
    10334.17272567749,
    33248.10695648193,
    22581.901788711548,
    6359.759092330933,
    1302.6509284973145,
    1333.5208892822266,
    1533.6732864379883,
    1530.4079055786133,
    1493.1714534759521,
    1517.472743988037,
    1427.872657775879,
    1445.1780319213867,
    1435.265064239502,
    1403.3026695251465,
    1428.8818836212158,
    1468.801498413086,
    1883.2571506500244,
    1742.5601482391357,
    1782.501459121704,
    1693.922519683838,
    1569.556474685669,
    1620.3739643096924,
    1566.01881980896,
    1551.6481399536133,
    1639.066457748413,
    1946.8250274658203,
    1945.0738430023193,
    1885.502576828003,
    1794.6648597717285,
    1757.903814315796,
    1784.40523147583,
    1926.1462688446045,
    1939.6185874938965
  ],
  "solve_time_mean_ms": 14172.374420268561,
  "solve_time_max_ms": 60614.31431770325,
  "completed_at": "2026-05-08T07:29:39"
}