{
  "scenario": "wet",
  "year": 2024,
  "crop": "Rice",
  "controller": "mpc_perfect_Hp8",
  "runoff_mode": "cascade",
  "budget_total": 338.79999999999995,
  "ub_mm_per_day": 12.0,
  "season_days": 93,
  "N_agents": 130,
  "initial_x1": 140.0,
  "initial_x5": 0.0,
  "seed": 0,
  "forecast_horizon": 0,
  "wallclock_seconds": 1167.2855496406555,
  "final_metrics": {
    "terminal_biomass_g_m2": 855.7991912691627,
    "yield_kg_ha": 3594.3566033304837,
    "water_used_mm": 337.9755049397139,
    "wue_kg_ha_per_mm": 10.634961856101448,
    "budget_compliance": 1,
    "drought_days_per_agent": 11.784615384615385,
    "waterlog_days_per_agent": 34.50769230769231,
    "pond_days_per_agent": 0.0,
    "x5_max_mm": 2.121041158693169,
    "x5_mean_mm": 0.02097557019372283,
    "spatial_equity_cv": 0.04412414067852726
  },
  "solve_times": [
    1862.2641563415527,
    2281.684160232544,
    2428.896427154541,
    2375.9593963623047,
    2367.0225143432617,
    2577.4998664855957,
    2853.4460067749023,
    22055.40180206299,
    15074.824571609497,
    11392.584323883057,
    3102.9233932495117,
    12951.88593864441,
    3193.8323974609375,
    29469.878911972046,
    14078.100442886353,
    16456.62021636963,
    8500.490665435791,
    83076.96223258972,
    34473.626136779785,
    39721.95363044739,
    1764.26362991333,
    3606.6458225250244,
    14764.154195785522,
    32010.86163520813,
    3685.347318649292,
    1802.2286891937256,
    2513.007879257202,
    1706.1843872070312,
    1975.5723476409912,
    1731.7724227905273,
    1907.8893661499023,
    11519.972324371338,
    34293.13373565674,
    2429.5270442962646,
    2183.7432384490967,
    2163.2022857666016,
    2176.06258392334,
    2433.40802192688,
    2403.85365486145,
    11868.464231491089,
    13996.095180511475,
    9038.346290588379,
    32683.094024658203,
    35461.678981781006,
    80051.70726776123,
    18112.513542175293,
    10619.117736816406,
    22791.094064712524,
    2372.917890548706,
    11745.116710662842,
    21266.557931900024,
    24006.625175476074,
    2044.7237491607666,
    9719.867944717407,
    9894.77014541626,
    1994.8840141296387,
    25086.503744125366,
    28509.53245162964,
    89069.50950622559,
    20212.90135383606,
    12559.289693832397,
    30893.874883651733,
    7822.1235275268555,
    5846.04549407959,
    13057.833433151245,
    11966.0325050354,
    10239.568710327148,
    5518.619060516357,
    6181.351184844971,
    9136.372804641724,
    11265.847444534302,
    4977.42223739624,
    10883.302450180054,
    3675.651788711548,
    2926.1083602905273,
    3145.833730697632,
    3524.066925048828,
    5018.904447555542,
    30379.448652267456,
    4255.857467651367,
    5863.5382652282715,
    4432.370901107788,
    4693.853378295898,
    3935.84942817688,
    6721.169710159302,
    4147.495746612549,
    17321.195602416992,
    1558.6156845092773,
    1248.5063076019287,
    1298.5517978668213,
    1535.2420806884766,
    1684.4761371612549,
    1486.5288734436035
  ],
  "solve_time_mean_ms": 12549.609230410668,
  "solve_time_max_ms": 89069.50950622559,
  "completed_at": "2026-04-27T21:11:27"
}