{
  "scenario": "wet",
  "year": 2024,
  "crop": "Rice",
  "controller": "mpc_perfect_Hp3",
  "runoff_mode": "cascade",
  "budget_total": 484.0,
  "ub_mm_per_day": 12.0,
  "season_days": 93,
  "N_agents": 130,
  "initial_x1": 140.0,
  "initial_x5": 0.0,
  "seed": 0,
  "forecast_horizon": 0,
  "wallclock_seconds": 77.02916216850281,
  "final_metrics": {
    "terminal_biomass_g_m2": 884.9162706592599,
    "yield_kg_ha": 3716.6483367688916,
    "water_used_mm": 299.45266681719784,
    "wue_kg_ha_per_mm": 12.411471823818271,
    "budget_compliance": 1,
    "drought_days_per_agent": 34.292307692307695,
    "waterlog_days_per_agent": 20.192307692307693,
    "pond_days_per_agent": 0.0,
    "x5_max_mm": 0.0,
    "x5_mean_mm": 0.0,
    "spatial_equity_cv": 0.0036967056794103567
  },
  "solve_times": [
    931.3719272613525,
    346.33708000183105,
    390.43283462524414,
    300.8270263671875,
    349.4899272918701,
    322.27110862731934,
    382.0230960845947,
    350.2848148345947,
    392.6072120666504,
    319.3049430847168,
    337.3732566833496,
    258.6519718170166,
    298.65574836730957,
    290.09413719177246,
    286.24701499938965,
    276.4394283294678,
    264.91236686706543,
    400.0105857849121,
    358.9460849761963,
    295.2866554260254,
    375.73790550231934,
    301.9251823425293,
    1865.3879165649414,
    2219.9833393096924,
    397.6728916168213,
    1039.0288829803467,
    518.0046558380127,
    1108.7713241577148,
    3010.3249549865723,
    408.9674949645996,
    340.897798538208,
    385.1587772369385,
    412.5070571899414,
    811.7554187774658,
    510.0076198577881,
    1334.076166152954,
    532.5582027435303,
    528.6440849304199,
    589.8234844207764,
    562.7586841583252,
    580.411434173584,
    486.67359352111816,
    654.5264720916748,
    601.1972427368164,
    627.1188259124756,
    940.1717185974121,
    1921.8425750732422,
    2622.9796409606934,
    849.7016429901123,
    326.6720771789551,
    1241.4464950561523,
    2468.686103820801,
    592.8034782409668,
    354.85315322875977,
    1090.9550189971924,
    385.73670387268066,
    554.03733253479,
    1651.883840560913,
    410.0990295410156,
    320.0826644897461,
    285.76159477233887,
    5922.974348068237,
    765.0294303894043,
    369.5189952850342,
    517.9357528686523,
    549.4949817657471,
    663.8712882995605,
    824.1581916809082,
    3246.8254566192627,
    453.3085823059082,
    427.809476852417,
    398.63014221191406,
    417.35267639160156,
    382.5497627258301,
    609.612226486206,
    1152.8923511505127,
    627.5472640991211,
    1252.4042129516602,
    1081.5472602844238,
    4351.685523986816,
    3528.2318592071533,
    281.8286418914795,
    279.6969413757324,
    347.25213050842285,
    2063.112258911133,
    867.4056529998779,
    332.93986320495605,
    295.2859401702881,
    295.26638984680176,
    357.07807540893555,
    284.2988967895508,
    287.0299816131592,
    300.3957271575928
  ],
  "solve_time_mean_ms": 826.9695697292204,
  "solve_time_max_ms": 5922.974348068237,
  "completed_at": "2026-05-08T12:37:28"
}