{
  "scenario": "dry",
  "year": 2022,
  "crop": "Rice",
  "controller": "mpc_perfect_Hp14",
  "runoff_mode": "cascade",
  "budget_total": 338.79999999999995,
  "ub_mm_per_day": 12.0,
  "season_days": 93,
  "N_agents": 130,
  "initial_x1": 140.0,
  "initial_x5": 0.0,
  "seed": 0,
  "forecast_horizon": 0,
  "wallclock_seconds": 7839.8395383358,
  "final_metrics": {
    "terminal_biomass_g_m2": 894.9908876643573,
    "yield_kg_ha": 3758.9617281903,
    "water_used_mm": 338.1989929726708,
    "wue_kg_ha_per_mm": 11.114644946604127,
    "budget_compliance": 1,
    "drought_days_per_agent": 31.784615384615385,
    "waterlog_days_per_agent": 2.9615384615384617,
    "pond_days_per_agent": 0.0,
    "x5_max_mm": 0.0,
    "x5_mean_mm": 0.0,
    "spatial_equity_cv": 0.0012240327143514989
  },
  "solve_times": [
    86302.30164527893,
    87250.27203559875,
    76832.7956199646,
    152459.09571647644,
    79204.9195766449,
    31431.843996047974,
    13309.937953948975,
    55138.588190078735,
    66966.66598320007,
    84089.54095840454,
    63617.23709106445,
    78764.81771469116,
    46972.5227355957,
    291703.7980556488,
    68913.01822662354,
    205607.03325271606,
    81126.89304351807,
    306186.4993572235,
    245619.17996406555,
    40010.12587547302,
    51472.90539741516,
    46121.28210067749,
    62847.63288497925,
    84498.93283843994,
    16300.943374633789,
    18430.51791191101,
    47156.638622283936,
    17774.307012557983,
    22162.367820739746,
    51811.27595901489,
    10126.478433609009,
    20062.7601146698,
    18890.137672424316,
    37950.98257064819,
    363646.3897228241,
    444647.7313041687,
    481100.43573379517,
    504886.6879940033,
    268306.8618774414,
    267532.41896629333,
    243233.1280708313,
    142218.40047836304,
    146470.72625160217,
    114485.72731018066,
    87816.64824485779,
    211419.8353290558,
    272028.4938812256,
    73721.74263000488,
    101036.71550750732,
    50698.981523513794,
    84708.04357528687,
    7845.053195953369,
    49749.64261054993,
    270301.2683391571,
    103601.39083862305,
    142960.62231063843,
    93002.52604484558,
    11233.568668365479,
    110411.96894645691,
    76358.16502571106,
    82508.50296020508,
    61161.3290309906,
    13659.89065170288,
    16847.357511520386,
    23361.018657684326,
    36242.6393032074,
    57213.49239349365,
    6601.207256317139,
    6179.100275039673,
    6582.451581954956,
    5590.938329696655,
    5745.067834854126,
    5454.795598983765,
    6869.227886199951,
    6718.958854675293,
    6856.883525848389,
    6665.188789367676,
    6873.933553695679,
    8168.0896282196045,
    6577.561616897583,
    6263.9641761779785,
    6060.014247894287,
    6048.793077468872,
    5897.413969039917,
    6023.354053497314,
    5828.088283538818,
    6035.46929359436,
    6233.646631240845,
    5902.973651885986,
    4838.11354637146,
    4755.667924880981,
    4616.607904434204,
    4733.670711517334
  ],
  "solve_time_mean_ms": 84297.34233117873,
  "solve_time_max_ms": 504886.6879940033,
  "completed_at": "2026-05-08T21:03:18"
}