{
  "scenario": "dry",
  "year": 2022,
  "crop": "Rice",
  "controller": "mpc_perfect_Hp8",
  "runoff_mode": "cascade",
  "budget_total": 411.4,
  "ub_mm_per_day": 12.0,
  "season_days": 93,
  "N_agents": 130,
  "initial_x1": 140.0,
  "initial_x5": 0.0,
  "seed": 0,
  "forecast_horizon": 0,
  "wallclock_seconds": 5676.79701924324,
  "final_metrics": {
    "terminal_biomass_g_m2": 974.179465841029,
    "yield_kg_ha": 4091.5537565323216,
    "water_used_mm": 410.26199048967794,
    "wue_kg_ha_per_mm": 9.973026630248516,
    "budget_compliance": 1,
    "drought_days_per_agent": 15.938461538461539,
    "waterlog_days_per_agent": 0.1,
    "sink_pond_days": 0.0,
    "sink_x5_max_mm": 0.0,
    "spatial_equity_cv": 0.0023617418712823255
  },
  "solve_times": [
    6883.593320846558,
    6837.57472038269,
    10648.76103401184,
    47741.371631622314,
    42709.20968055725,
    21403.24640274048,
    6581.444025039673,
    6564.283132553101,
    12086.536645889282,
    23502.870082855225,
    9957.581281661987,
    57862.79249191284,
    157968.70851516724,
    35753.14474105835,
    11166.857481002808,
    41799.81279373169,
    29696.523427963257,
    59797.20902442932,
    74325.14357566833,
    7862.476587295532,
    31086.35377883911,
    5899.235725402832,
    24732.097864151,
    25783.827781677246,
    16711.599826812744,
    66594.65098381042,
    7654.558897018433,
    7363.713026046753,
    61503.64375114441,
    33916.14890098572,
    37959.77234840393,
    35056.55741691589,
    77260.26439666748,
    42956.48717880249,
    6330.25336265564,
    41629.26936149597,
    6289.513349533081,
    18922.51944541931,
    8749.646425247192,
    56728.307485580444,
    75842.44108200073,
    46646.34990692139,
    10798.258543014526,
    8809.149026870728,
    22710.272073745728,
    5251.48344039917,
    52049.74985122681,
    8597.968816757202,
    8973.910093307495,
    67347.96714782715,
    9451.79796218872,
    8812.230587005615,
    5577.154159545898,
    91697.39317893982,
    25049.338340759277,
    7115.630626678467,
    9217.094659805298,
    58364.45927619934,
    16967.418909072876,
    6537.771224975586,
    76766.60680770874,
    124758.9795589447,
    5881.106615066528,
    438625.83684921265,
    43418.61152648926,
    34657.126903533936,
    474253.67736816406,
    261807.60884284973,
    1409486.5527153015,
    73740.47613143921,
    122608.57129096985,
    11937.469720840454,
    162737.47658729553,
    196010.72573661804,
    42282.47427940369,
    35122.26629257202,
    30482.384204864502,
    47291.59879684448,
    80514.14275169373,
    47911.00859642029,
    54494.37379837036,
    9635.050058364868,
    5484.015941619873,
    5465.928554534912,
    5512.385129928589,
    4973.841667175293,
    4980.035781860352,
    5329.872608184814,
    5495.15175819397,
    5475.358724594116,
    5477.556467056274,
    6334.033966064453,
    6676.796674728394
  ],
  "solve_time_mean_ms": 61029.29573674356,
  "solve_time_max_ms": 1409486.5527153015,
  "completed_at": "2026-04-27T13:54:06"
}