{
  "scenario": "moderate",
  "year": 2018,
  "crop": "Rice",
  "controller": "mpc_perfect_Hp14",
  "runoff_mode": "cascade",
  "budget_total": 484.0,
  "ub_mm_per_day": 12.0,
  "season_days": 93,
  "N_agents": 130,
  "initial_x1": 140.0,
  "initial_x5": 0.0,
  "seed": 0,
  "forecast_horizon": 0,
  "wallclock_seconds": 18871.243708133698,
  "final_metrics": {
    "terminal_biomass_g_m2": 891.1667523197652,
    "yield_kg_ha": 3742.9003597430137,
    "water_used_mm": 409.98460785818145,
    "wue_kg_ha_per_mm": 9.129368000658522,
    "budget_compliance": 1,
    "drought_days_per_agent": 12.692307692307692,
    "waterlog_days_per_agent": 7.7153846153846155,
    "pond_days_per_agent": 0.09230769230769231,
    "x5_max_mm": 7.594179551332827,
    "x5_mean_mm": 0.010780712053867752,
    "spatial_equity_cv": 0.003970346205778505
  },
  "solve_times": [
    141275.31266212463,
    412017.8174972534,
    162081.52031898499,
    141924.47972297668,
    67852.14924812317,
    201198.9550590515,
    192217.86284446716,
    43588.558197021484,
    104247.06721305847,
    1567649.9135494232,
    2130264.2419338226,
    30044.748306274414,
    262625.20027160645,
    241204.49924468994,
    244750.49304962158,
    84453.73392105103,
    30726.938486099243,
    106990.04983901978,
    57695.78981399536,
    126293.2562828064,
    84684.23867225647,
    22019.704818725586,
    207202.82459259033,
    13300.235748291016,
    111511.83724403381,
    311479.6359539032,
    15348.047256469727,
    295285.9847545624,
    15310.348510742188,
    208962.3646736145,
    19934.59725379944,
    1281003.2572746277,
    362691.570520401,
    647204.5297622681,
    273496.4520931244,
    13776.216745376587,
    327452.2626399994,
    282096.0500240326,
    327426.74446105957,
    11528.947114944458,
    109790.27199745178,
    16378.246784210205,
    9691.432476043701,
    135553.71522903442,
    240338.8113975525,
    44745.05829811096,
    22868.70503425598,
    183068.87483596802,
    11231.470346450806,
    170503.81112098694,
    203605.67164421082,
    68019.61922645569,
    15504.18210029602,
    203198.28915596008,
    120561.87057495117,
    73390.65527915955,
    18598.039388656616,
    264936.75422668457,
    239001.64580345154,
    210931.62298202515,
    40704.74290847778,
    31739.519119262695,
    63971.83918952942,
    80657.66310691833,
    48302.024602890015,
    29039.45517539978,
    30967.15235710144,
    32148.640394210815,
    74947.23176956177,
    92032.84239768982,
    129634.42897796631,
    453426.64408683777,
    269756.01172447205,
    807153.8350582123,
    396139.8205757141,
    37103.721141815186,
    31041.513919830322,
    36277.19831466675,
    64794.63458061218,
    175617.35558509827,
    23715.248346328735,
    105560.7852935791,
    78524.92690086365,
    326031.45837783813,
    174713.1733894348,
    222830.2023410797,
    210657.19413757324,
    335100.97336769104,
    227972.4576473236,
    11836.64083480835,
    95045.57251930237,
    191665.07482528687,
    398398.5741138458
  ],
  "solve_time_mean_ms": 202905.8681995638,
  "solve_time_max_ms": 2130264.2419338226,
  "completed_at": "2026-05-14T23:23:41"
}