{
  "scenario": "dry",
  "year": 2022,
  "crop": "Rice",
  "controller": "mpc_perfect_Hp8",
  "runoff_mode": "cascade",
  "budget_total": 484.0,
  "ub_mm_per_day": 12.0,
  "season_days": 93,
  "N_agents": 130,
  "initial_x1": 140.0,
  "initial_x5": 0.0,
  "seed": 0,
  "forecast_horizon": 0,
  "wallclock_seconds": 2097.072718143463,
  "final_metrics": {
    "terminal_biomass_g_m2": 986.2698379457572,
    "yield_kg_ha": 4142.33331937218,
    "water_used_mm": 468.195726934512,
    "wue_kg_ha_per_mm": 8.847439395685859,
    "budget_compliance": 1,
    "drought_days_per_agent": 10.923076923076923,
    "waterlog_days_per_agent": 1.823076923076923,
    "pond_days_per_agent": 0.0,
    "x5_max_mm": 0.0,
    "x5_mean_mm": 0.0,
    "spatial_equity_cv": 0.0008195767740204935
  },
  "solve_times": [
    2281.066417694092,
    2788.788318634033,
    3107.633590698242,
    19894.152641296387,
    16889.476537704468,
    4516.854286193848,
    33077.68201828003,
    12727.401733398438,
    31745.349884033203,
    12614.970922470093,
    31782.47833251953,
    21425.34375190735,
    26524.369478225708,
    11573.040008544922,
    32806.955337524414,
    26939.476251602173,
    30376.633882522583,
    48512.34841346741,
    23250.04768371582,
    3726.168394088745,
    17080.172777175903,
    4784.847974777222,
    2716.9711589813232,
    19627.264499664307,
    48436.710596084595,
    6916.369438171387,
    12192.055225372314,
    49027.233600616455,
    45319.33546066284,
    9031.175136566162,
    26269.900798797607,
    3907.6921939849854,
    42906.27026557922,
    7226.384401321411,
    3436.9490146636963,
    2256.9825649261475,
    56283.55526924133,
    5499.2516040802,
    40062.87598609924,
    41465.8567905426,
    3014.981746673584,
    36012.802600860596,
    2344.8691368103027,
    2353.3425331115723,
    10520.5979347229,
    34581.88223838806,
    18667.848825454712,
    22535.693407058716,
    3803.910970687866,
    3015.6900882720947,
    2684.4699382781982,
    19911.031484603882,
    10707.488536834717,
    7096.067428588867,
    7380.1915645599365,
    22891.862154006958,
    24774.81770515442,
    12678.91263961792,
    53943.384647369385,
    22407.77564048767,
    34113.641023635864,
    35342.769622802734,
    84240.03171920776,
    31291.93639755249,
    13347.36967086792,
    14947.20482826233,
    44145.318031311035,
    52491.692543029785,
    94418.09153556824,
    25807.343006134033,
    15032.131671905518,
    30854.555130004883,
    55257.43651390076,
    11308.709621429443,
    37667.23322868347,
    2639.479160308838,
    35916.65577888489,
    21379.66561317444,
    20071.81429862976,
    3192.133903503418,
    9094.19846534729,
    26801.361083984375,
    14797.87826538086,
    22680.81021308899,
    24655.77483177185,
    47770.54715156555,
    9719.861507415771,
    43556.819915771484,
    17524.14560317993,
    14127.463817596436,
    25201.271772384644,
    5543.998003005981,
    9533.529281616211
  ],
  "solve_time_mean_ms": 22546.328893271824,
  "solve_time_max_ms": 94418.09153556824,
  "completed_at": "2026-05-03T13:34:10"
}