{
  "scenario": "wet",
  "year": 2024,
  "crop": "Rice",
  "controller": "mpc_perfect_Hp8",
  "runoff_mode": "cascade",
  "budget_total": 484.0,
  "ub_mm_per_day": 12.0,
  "season_days": 93,
  "N_agents": 130,
  "initial_x1": 140.0,
  "initial_x5": 0.0,
  "seed": 0,
  "forecast_horizon": 0,
  "wallclock_seconds": 2303.635748386383,
  "final_metrics": {
    "terminal_biomass_g_m2": 895.7739443247991,
    "yield_kg_ha": 3762.250566164156,
    "water_used_mm": 309.3721527658949,
    "wue_kg_ha_per_mm": 12.160921829997706,
    "budget_compliance": 1,
    "drought_days_per_agent": 10.153846153846153,
    "waterlog_days_per_agent": 19.092307692307692,
    "pond_days_per_agent": 0.0,
    "x5_max_mm": 0.0,
    "x5_mean_mm": 0.0,
    "spatial_equity_cv": 0.0037276153168452125
  },
  "solve_times": [
    1770.7464694976807,
    2493.2608604431152,
    2697.4267959594727,
    2667.68741607666,
    4120.460271835327,
    6800.950765609741,
    2881.622552871704,
    6071.392297744751,
    3250.4026889801025,
    22491.986513137817,
    15176.52177810669,
    15913.67769241333,
    9601.72963142395,
    9590.081691741943,
    28932.753562927246,
    2450.711727142334,
    21906.087636947632,
    35263.68761062622,
    60442.150831222534,
    11387.77470588684,
    1831.1612606048584,
    14756.797075271606,
    1430.7262897491455,
    15473.201274871826,
    16948.731899261475,
    3701.054334640503,
    18175.076723098755,
    3605.473756790161,
    2530.2438735961914,
    16712.18180656433,
    7049.925327301025,
    11628.893375396729,
    6998.850345611572,
    3764.712333679199,
    4407.828807830811,
    3087.770938873291,
    3562.910318374634,
    3506.2615871429443,
    3278.8166999816895,
    3737.779140472412,
    12457.477331161499,
    26901.938676834106,
    8692.561149597168,
    20671.75602912903,
    62884.2089176178,
    4108.783006668091,
    57335.42537689209,
    6328.971147537231,
    3143.9313888549805,
    22018.494606018066,
    1782.604455947876,
    2499.3374347686768,
    6907.80782699585,
    6589.2322063446045,
    12531.148672103882,
    1427.8626441955566,
    3012.4967098236084,
    36059.99493598938,
    26082.30447769165,
    9640.838384628296,
    31382.53617286682,
    8217.745065689087,
    7022.552251815796,
    58544.94857788086,
    113989.49074745178,
    145712.17274665833,
    125029.02889251709,
    208311.92636489868,
    4297.889709472656,
    3051.5401363372803,
    3562.824010848999,
    6720.364332199097,
    11517.342805862427,
    9784.52467918396,
    8678.611993789673,
    67149.42646026611,
    57188.966274261475,
    80484.52734947205,
    44529.892683029175,
    78657.37175941467,
    2754.657745361328,
    47369.399309158325,
    45370.55563926697,
    56279.25133705139,
    30868.733406066895,
    24180.04035949707,
    25405.55715560913,
    3780.5001735687256,
    88020.67875862122,
    77352.12993621826,
    3437.3416900634766,
    63263.17834854126,
    18323.458433151245
  ],
  "solve_time_mean_ms": 24767.912380156977,
  "solve_time_max_ms": 208311.92636489868,
  "completed_at": "2026-05-06T07:40:12"
}