{
  "scenario": "wet",
  "year": 2024,
  "crop": "Rice",
  "controller": "mpc_perfect_Hp8",
  "runoff_mode": "cascade",
  "budget_total": 484.0,
  "ub_mm_per_day": 12.0,
  "season_days": 93,
  "N_agents": 130,
  "initial_x1": 140.0,
  "initial_x5": 0.0,
  "seed": 0,
  "forecast_horizon": 0,
  "wallclock_seconds": 3146.409693956375,
  "final_metrics": {
    "terminal_biomass_g_m2": 882.5048597055182,
    "yield_kg_ha": 3706.520410763176,
    "water_used_mm": 317.82179990578476,
    "wue_kg_ha_per_mm": 11.662259831962247,
    "budget_compliance": 1,
    "drought_days_per_agent": 8.7,
    "waterlog_days_per_agent": 25.4,
    "pond_days_per_agent": 0.0,
    "x5_max_mm": 0.0,
    "x5_mean_mm": 0.0,
    "spatial_equity_cv": 0.009557358651467483
  },
  "solve_times": [
    2478.226900100708,
    2606.957197189331,
    6099.369287490845,
    5189.4214153289795,
    3212.2256755828857,
    4665.397644042969,
    10665.86446762085,
    8923.952579498291,
    4591.47047996521,
    5163.536071777344,
    10105.818510055542,
    12562.70980834961,
    17187.79182434082,
    14297.526597976685,
    3548.4490394592285,
    32256.375074386597,
    3246.1061477661133,
    119571.92659378052,
    9307.228088378906,
    9878.637075424194,
    18212.78715133667,
    2340.4381275177,
    5036.741018295288,
    3559.0288639068604,
    3062.7591609954834,
    1705.5208683013916,
    1984.2872619628906,
    33458.70113372803,
    23695.62864303589,
    7213.333606719971,
    23089.22052383423,
    78138.7414932251,
    16681.415796279907,
    7363.856792449951,
    4829.479932785034,
    4669.939994812012,
    6194.576263427734,
    4435.182332992554,
    4574.803829193115,
    5158.928155899048,
    7058.173894882202,
    8760.260820388794,
    31577.5887966156,
    60422.02949523926,
    4031.5778255462646,
    65944.2663192749,
    9435.148477554321,
    4162.827253341675,
    4537.221670150757,
    24661.05318069458,
    23730.046033859253,
    2560.1484775543213,
    1939.0275478363037,
    22914.41535949707,
    14780.302047729492,
    1955.24263381958,
    31794.184923171997,
    37585.612535476685,
    59065.95206260681,
    102490.36288261414,
    60176.18417739868,
    12434.064626693726,
    50270.2579498291,
    103016.28375053406,
    158269.00506019592,
    50273.07963371277,
    23382.391929626465,
    33690.762758255005,
    241446.5320110321,
    41572.20482826233,
    10921.218156814575,
    3553.663492202759,
    27390.583038330078,
    16870.630741119385,
    49691.63966178894,
    65445.3547000885,
    27610.215425491333,
    171827.87942886353,
    58909.64317321777,
    47684.6227645874,
    55119.11201477051,
    50388.74650001526,
    67155.98106384277,
    90729.79688644409,
    48603.60836982727,
    39258.52179527283,
    121816.2772655487,
    79149.48964118958,
    43751.73807144165,
    77131.5290927887,
    64151.91078186035,
    17689.082384109497,
    76473.87194633484
  ],
  "solve_time_mean_ms": 33830.38372890923,
  "solve_time_max_ms": 241446.5320110321,
  "completed_at": "2026-05-06T08:33:04"
}