{
  "scenario": "moderate",
  "year": 2018,
  "crop": "Rice",
  "controller": "mpc_perfect_Hp8",
  "runoff_mode": "cascade",
  "budget_total": 411.4,
  "ub_mm_per_day": 12.0,
  "season_days": 93,
  "N_agents": 130,
  "initial_x1": 140.0,
  "initial_x5": 0.0,
  "seed": 0,
  "forecast_horizon": 0,
  "wallclock_seconds": 22535.696650981903,
  "final_metrics": {
    "terminal_biomass_g_m2": 886.9226103819049,
    "yield_kg_ha": 3725.074963604,
    "water_used_mm": 397.38077626240374,
    "wue_kg_ha_per_mm": 9.374069371549592,
    "budget_compliance": 1,
    "drought_days_per_agent": 13.546153846153846,
    "waterlog_days_per_agent": 5.507692307692308,
    "pond_days_per_agent": 0.0,
    "x5_max_mm": 0.0,
    "x5_mean_mm": 0.0,
    "spatial_equity_cv": 0.00204419555333969
  },
  "solve_times": [
    9424.26061630249,
    13268.994092941284,
    13424.758672714233,
    6957.4151039123535,
    9203.643798828125,
    66690.71173667908,
    41396.22902870178,
    7582.323312759399,
    23473.57678413391,
    12905.755281448364,
    39301.30887031555,
    40621.126651763916,
    108715.95335006714,
    2144959.9001407623,
    100244.84896659851,
    128214.12205696106,
    11847.591400146484,
    52244.65751647949,
    24425.211906433105,
    14991731.76574707,
    130929.31652069092,
    24653.241634368896,
    366006.0234069824,
    89082.40580558777,
    15172.648906707764,
    12264.553308486938,
    9051.707744598389,
    101804.19421195984,
    128137.38298416138,
    11923.466682434082,
    12322.045803070068,
    759990.9279346466,
    167329.13899421692,
    83272.22609519958,
    104887.10713386536,
    6038.3710861206055,
    5461.930751800537,
    5527.8425216674805,
    20200.098037719727,
    80939.53227996826,
    9042.26279258728,
    22160.39228439331,
    84874.59087371826,
    53039.3602848053,
    10352.16760635376,
    94141.07370376587,
    6748.3954429626465,
    35974.488973617554,
    5593.300819396973,
    79578.13310623169,
    23723.61707687378,
    92383.2757472992,
    83671.45204544067,
    61490.68880081177,
    51041.89205169678,
    25900.822401046753,
    44555.970668792725,
    36718.39761734009,
    140745.09596824646,
    10098.653078079224,
    47894.283294677734,
    70243.8850402832,
    11588.465929031372,
    12984.538078308105,
    91201.3807296753,
    145356.44125938416,
    116804.3463230133,
    86080.63507080078,
    14021.271467208862,
    102915.24744033813,
    74922.2023487091,
    12922.927856445312,
    56768.40400695801,
    56360.36443710327,
    86629.7459602356,
    49635.13422012329,
    28304.86488342285,
    13906.445741653442,
    13815.988540649414,
    10619.029998779297,
    11356.279134750366,
    15670.180797576904,
    10534.54852104187,
    33931.315898895264,
    84635.47015190125,
    42659.162282943726,
    28968.86110305786,
    69876.10292434692,
    35148.2834815979,
    25457.8640460968,
    80759.15455818176,
    31368.976354599,
    8405.260562896729
  ],
  "solve_time_mean_ms": 242314.0796845959,
  "solve_time_max_ms": 14991731.76574707,
  "completed_at": "2026-05-13T15:48:30"
}