{
  "scenario": "moderate",
  "year": 2018,
  "crop": "Rice",
  "controller": "mpc_perfect_Hp14",
  "runoff_mode": "cascade",
  "budget_total": 338.79999999999995,
  "ub_mm_per_day": 12.0,
  "season_days": 93,
  "N_agents": 130,
  "initial_x1": 140.0,
  "initial_x5": 0.0,
  "seed": 0,
  "forecast_horizon": 0,
  "wallclock_seconds": 6570.322744369507,
  "final_metrics": {
    "terminal_biomass_g_m2": 858.6922426081193,
    "yield_kg_ha": 3606.507418954101,
    "water_used_mm": 337.8421967888887,
    "wue_kg_ha_per_mm": 10.675124224366028,
    "budget_compliance": 1,
    "drought_days_per_agent": 30.353846153846153,
    "waterlog_days_per_agent": 3.3615384615384616,
    "pond_days_per_agent": 0.0,
    "x5_max_mm": 0.0,
    "x5_mean_mm": 0.0,
    "spatial_equity_cv": 0.0026203707460613953
  },
  "solve_times": [
    175732.15460777283,
    294494.7338104248,
    28088.838815689087,
    54455.31487464905,
    90384.17267799377,
    21986.86194419861,
    87276.79777145386,
    191090.23571014404,
    56010.573387145996,
    334003.19480895996,
    226619.9595928192,
    78837.01252937317,
    6527.512550354004,
    86489.15910720825,
    9965.077638626099,
    27094.53821182251,
    44598.55508804321,
    107577.66437530518,
    140092.78011322021,
    6821.988582611084,
    25853.693962097168,
    26551.608085632324,
    107972.18585014343,
    48899.482011795044,
    36739.8738861084,
    9608.111381530762,
    337534.39140319824,
    6351.140022277832,
    23008.148670196533,
    274144.2120075226,
    8504.906177520752,
    260636.8978023529,
    306783.3912372589,
    11559.70025062561,
    216768.2921886444,
    110055.04775047302,
    8513.656616210938,
    11234.066724777222,
    131591.0964012146,
    8417.192697525024,
    172758.84079933167,
    14167.491912841797,
    14453.299283981323,
    121602.11300849915,
    278398.1990814209,
    141394.50526237488,
    26353.999853134155,
    108297.41501808167,
    28370.943784713745,
    149144.65045928955,
    59645.48993110657,
    204766.50309562683,
    41069.75698471069,
    12427.158117294312,
    32899.70374107361,
    9245.860815048218,
    11785.186529159546,
    42615.46206474304,
    86311.46574020386,
    83952.5454044342,
    174837.4228477478,
    13077.539443969727,
    201493.61324310303,
    27661.868572235107,
    126311.67435646057,
    56423.935651779175,
    80151.49927139282,
    32052.188396453857,
    7862.538576126099,
    7723.444223403931,
    9533.07843208313,
    7268.136501312256,
    5591.050624847412,
    5647.162675857544,
    5806.732654571533,
    5238.079309463501,
    5269.57631111145,
    6358.16216468811,
    6240.044355392456,
    6350.808620452881,
    6207.878828048706,
    6171.932697296143,
    5749.4056224823,
    8045.464992523193,
    7820.313215255737,
    8014.5416259765625,
    8283.474206924438,
    8270.930528640747,
    8277.617454528809,
    8173.077821731567,
    8599.234104156494,
    8228.512287139893,
    8789.442777633667
  ],
  "solve_time_mean_ms": 70645.86230759979,
  "solve_time_max_ms": 337534.39140319824,
  "completed_at": "2026-05-16T07:14:01"
}