{
  "scenario": "dry",
  "year": 2022,
  "crop": "Rice",
  "controller": "mpc_perfect_Hp8",
  "runoff_mode": "cascade",
  "budget_total": 338.79999999999995,
  "ub_mm_per_day": 12.0,
  "season_days": 93,
  "N_agents": 130,
  "initial_x1": 140.0,
  "initial_x5": 0.0,
  "seed": 0,
  "forecast_horizon": 0,
  "wallclock_seconds": 956.4697523117065,
  "final_metrics": {
    "terminal_biomass_g_m2": 899.8469811642279,
    "yield_kg_ha": 3779.3573208897574,
    "water_used_mm": 338.75598637000746,
    "wue_kg_ha_per_mm": 11.156577220636155,
    "budget_compliance": 1,
    "drought_days_per_agent": 29.161538461538463,
    "waterlog_days_per_agent": 1.676923076923077,
    "pond_days_per_agent": 0.0,
    "x5_max_mm": 0.0,
    "x5_mean_mm": 0.0,
    "spatial_equity_cv": 0.002048284878892298
  },
  "solve_times": [
    1741.4641380310059,
    1763.578176498413,
    3750.385284423828,
    6927.37603187561,
    34525.50983428955,
    5632.9522132873535,
    39408.262491226196,
    20343.470811843872,
    40197.898387908936,
    2948.960065841675,
    2258.172035217285,
    8528.898477554321,
    19694.501638412476,
    39383.65077972412,
    12969.834089279175,
    3898.7183570861816,
    9547.585010528564,
    26104.201078414917,
    2787.7135276794434,
    2659.0967178344727,
    3035.5963706970215,
    13383.7890625,
    1946.3119506835938,
    9827.667474746704,
    83041.50009155273,
    26773.744106292725,
    2485.2688312530518,
    24062.246799468994,
    41857.04779624939,
    21071.632146835327,
    12995.827198028564,
    13681.372165679932,
    26110.05663871765,
    2614.3815517425537,
    1770.7209587097168,
    1745.2657222747803,
    2259.824752807617,
    2329.739809036255,
    5198.655366897583,
    12009.331941604614,
    12331.424713134766,
    37615.09561538696,
    10902.614831924438,
    11276.007652282715,
    2274.991750717163,
    2515.15531539917,
    1759.82666015625,
    1756.389856338501,
    1979.447841644287,
    14010.234355926514,
    15309.096574783325,
    11943.321704864502,
    1848.89554977417,
    5176.993608474731,
    18290.117979049683,
    9930.505990982056,
    10545.48192024231,
    9064.680814743042,
    15906.745672225952,
    5509.244203567505,
    14886.029481887817,
    89041.51654243469,
    6633.2361698150635,
    3645.145893096924,
    1445.2650547027588,
    1261.457920074463,
    1471.968650817871,
    1321.4044570922852,
    1541.6860580444336,
    1651.6246795654297,
    1676.565408706665,
    1557.7876567840576,
    1485.9845638275146,
    1502.4497509002686,
    2121.4020252227783,
    1597.3260402679443,
    2301.2619018554688,
    1553.3828735351562,
    1562.3438358306885,
    1586.646318435669,
    1653.9924144744873,
    1619.7056770324707,
    1630.7165622711182,
    1644.1919803619385,
    1651.4856815338135,
    1659.3282222747803,
    1654.8049449920654,
    1902.2037982940674,
    1884.5102787017822,
    1888.9539241790771,
    1955.4710388183594,
    1945.7893371582031,
    1878.0155181884766
  ],
  "solve_time_mean_ms": 10279.915453285299,
  "solve_time_max_ms": 89041.51654243469,
  "completed_at": "2026-04-27T20:35:14"
}