{
  "scenario": "dry",
  "year": 2022,
  "crop": "Rice",
  "controller": "mpc_perfect_Hp14",
  "runoff_mode": "cascade",
  "budget_total": 484.0,
  "ub_mm_per_day": 12.0,
  "season_days": 93,
  "N_agents": 130,
  "initial_x1": 140.0,
  "initial_x5": 0.0,
  "seed": 0,
  "forecast_horizon": 0,
  "wallclock_seconds": 12110.45361661911,
  "final_metrics": {
    "terminal_biomass_g_m2": 993.084863255745,
    "yield_kg_ha": 4170.956425674129,
    "water_used_mm": 472.08172520101493,
    "wue_kg_ha_per_mm": 8.835242296020065,
    "budget_compliance": 1,
    "drought_days_per_agent": 3.669230769230769,
    "waterlog_days_per_agent": 2.8153846153846156,
    "pond_days_per_agent": 0.0,
    "x5_max_mm": 0.0,
    "x5_mean_mm": 0.0,
    "spatial_equity_cv": 0.0011203789018444216
  },
  "solve_times": [
    57936.66458129883,
    21215.035915374756,
    22201.429843902588,
    81126.53541564941,
    224471.60124778748,
    10019.56033706665,
    21041.272163391113,
    78028.24783325195,
    26522.123098373413,
    11048.368215560913,
    84043.11108589172,
    16477.645874023438,
    94501.22404098511,
    70738.5880947113,
    61467.26036071777,
    413670.1695919037,
    85305.584192276,
    303656.138420105,
    325776.60870552063,
    94009.65213775635,
    71846.87161445618,
    16588.598489761353,
    91811.75684928894,
    50820.76287269592,
    71249.69553947449,
    129916.82767868042,
    86373.11244010925,
    22970.848560333252,
    109856.36258125305,
    18309.139251708984,
    26548.21276664734,
    87314.3355846405,
    355609.64584350586,
    186132.92860984802,
    90814.1713142395,
    628787.9769802094,
    15230.753660202026,
    590785.0198745728,
    407578.8998603821,
    416674.2458343506,
    213758.98575782776,
    277657.8335762024,
    349234.77125167847,
    415841.6681289673,
    272369.6849346161,
    244260.39719581604,
    252061.26379966736,
    36509.90676879883,
    211814.02111053467,
    81791.67199134827,
    34030.088663101196,
    176928.94887924194,
    135513.671875,
    91631.30736351013,
    57720.062494277954,
    180489.0739917755,
    68440.4079914093,
    83192.16585159302,
    46163.77830505371,
    296898.2481956482,
    9373.507738113403,
    37850.83985328674,
    327186.6319179535,
    97772.71175384521,
    82917.77181625366,
    45490.891456604004,
    98405.98440170288,
    63055.349349975586,
    222818.3422088623,
    130283.2682132721,
    321977.8368473053,
    13043.229103088379,
    110416.88752174377,
    71019.11878585815,
    8142.18807220459,
    13101.80926322937,
    98008.50510597229,
    10138.613224029541,
    108833.54306221008,
    31902.157306671143,
    158722.27430343628,
    11887.187004089355,
    58631.927728652954,
    15362.66803741455,
    237190.82021713257,
    92689.41283226013,
    13336.529970169067,
    108083.93168449402,
    60711.225271224976,
    43242.57397651672,
    107323.61841201782,
    148202.06546783447,
    48276.90601348877
  ],
  "solve_time_mean_ms": 130217.04595063323,
  "solve_time_max_ms": 628787.9769802094,
  "completed_at": "2026-05-08T16:03:40"
}