{
  "scenario": "moderate",
  "year": 2018,
  "crop": "Rice",
  "controller": "mpc_perfect_Hp3",
  "runoff_mode": "cascade",
  "budget_total": 484.0,
  "ub_mm_per_day": 12.0,
  "season_days": 93,
  "N_agents": 130,
  "initial_x1": 140.0,
  "initial_x5": 0.0,
  "seed": 0,
  "forecast_horizon": 0,
  "wallclock_seconds": 256.5069568157196,
  "final_metrics": {
    "terminal_biomass_g_m2": 880.4770468893744,
    "yield_kg_ha": 3698.0035969353726,
    "water_used_mm": 398.23105689605654,
    "wue_kg_ha_per_mm": 9.286075339675477,
    "budget_compliance": 1,
    "drought_days_per_agent": 37.723076923076924,
    "waterlog_days_per_agent": 6.476923076923077,
    "pond_days_per_agent": 0.0,
    "x5_max_mm": 0.0,
    "x5_mean_mm": 0.0,
    "spatial_equity_cv": 0.0015628645793148276
  },
  "solve_times": [
    1457.8256607055664,
    1245.5358505249023,
    1060.4479312896729,
    887.0642185211182,
    1048.3667850494385,
    956.7265510559082,
    932.7247142791748,
    888.3199691772461,
    899.7843265533447,
    1800.1985549926758,
    1101.8037796020508,
    1096.2860584259033,
    2077.7804851531982,
    1138.8249397277832,
    1155.8890342712402,
    3314.012050628662,
    912.2118949890137,
    1029.0520191192627,
    904.7672748565674,
    1026.9575119018555,
    6582.1521282196045,
    1092.2038555145264,
    1123.6991882324219,
    1874.5582103729248,
    3289.872884750366,
    987.4880313873291,
    17126.465797424316,
    4497.336864471436,
    3592.247724533081,
    1180.9396743774414,
    9314.013242721558,
    1076.8461227416992,
    483.0796718597412,
    2336.698055267334,
    413.3286476135254,
    1374.3269443511963,
    484.605073928833,
    481.2121391296387,
    543.015718460083,
    402.51922607421875,
    380.96094131469727,
    454.59461212158203,
    527.7683734893799,
    567.6038265228271,
    521.3232040405273,
    2484.776020050049,
    9015.813827514648,
    1898.2179164886475,
    659.2323780059814,
    1025.8958339691162,
    463.56749534606934,
    515.3741836547852,
    496.9155788421631,
    704.7319412231445,
    1679.2161464691162,
    12928.399801254272,
    1139.2834186553955,
    1077.4345397949219,
    1797.1951961517334,
    2036.797046661377,
    4435.049295425415,
    12826.741695404053,
    2633.455991744995,
    1378.8745403289795,
    912.7533435821533,
    21654.018878936768,
    8139.580249786377,
    3781.407356262207,
    13014.66989517212,
    12344.099521636963,
    5105.147838592529,
    3240.4775619506836,
    2359.848737716675,
    3382.243871688843,
    3223.601818084717,
    938.2643699645996,
    973.1254577636719,
    956.4883708953857,
    7893.509864807129,
    2697.5512504577637,
    1452.831745147705,
    2052.034616470337,
    1596.900463104248,
    1294.5127487182617,
    1258.2216262817383,
    1337.2938632965088,
    1840.8541679382324,
    2488.852024078369,
    1925.457239151001,
    2499.842882156372,
    846.7137813568115,
    1100.0468730926514,
    945.8332061767578
  ],
  "solve_time_mean_ms": 2753.7268413010465,
  "solve_time_max_ms": 21654.018878936768,
  "completed_at": "2026-05-13T07:57:37"
}