{
  "scenario": "dry",
  "year": 2022,
  "crop": "Rice",
  "controller": "mpc_perfect_Hp8",
  "runoff_mode": "cascade",
  "budget_total": 338.79999999999995,
  "ub_mm_per_day": 12.0,
  "season_days": 93,
  "N_agents": 130,
  "initial_x1": 140.0,
  "initial_x5": 0.0,
  "seed": 0,
  "forecast_horizon": 0,
  "wallclock_seconds": 1177.100400686264,
  "final_metrics": {
    "terminal_biomass_g_m2": 898.6090339113738,
    "yield_kg_ha": 3774.1579424277697,
    "water_used_mm": 338.77681069073253,
    "wue_kg_ha_per_mm": 11.140543931364823,
    "budget_compliance": 1,
    "drought_days_per_agent": 28.153846153846153,
    "waterlog_days_per_agent": 4.253846153846154,
    "pond_days_per_agent": 0.0,
    "x5_max_mm": 0.0,
    "x5_mean_mm": 0.0,
    "spatial_equity_cv": 0.0011203740230698832
  },
  "solve_times": [
    1712.66508102417,
    2219.8448181152344,
    51680.16767501831,
    55560.595750808716,
    2489.0992641448975,
    9070.244312286377,
    6975.1787185668945,
    10814.618349075317,
    16076.39217376709,
    6123.868465423584,
    7106.87780380249,
    19178.911685943604,
    11947.186946868896,
    7683.370590209961,
    10605.235815048218,
    2013.7882232666016,
    24271.089792251587,
    24543.15161705017,
    62311.288833618164,
    28543.583869934082,
    5849.485397338867,
    15577.587842941284,
    13276.788473129272,
    64362.367391586304,
    9991.072177886963,
    8313.49802017212,
    11185.06932258606,
    6599.9596118927,
    22225.65984725952,
    11246.266603469849,
    1353.4963130950928,
    13152.482509613037,
    11840.83604812622,
    6956.619024276733,
    13536.56029701233,
    2072.5579261779785,
    3214.576482772827,
    2977.2472381591797,
    2757.014036178589,
    19767.722606658936,
    108858.35385322571,
    28073.35138320923,
    28606.48512840271,
    12384.012460708618,
    1752.6042461395264,
    27195.55377960205,
    4377.127885818481,
    4187.3619556427,
    43256.2575340271,
    2914.743661880493,
    1686.4492893218994,
    16910.471439361572,
    2472.013473510742,
    29756.07419013977,
    7094.828844070435,
    14895.448207855225,
    2897.887706756592,
    18388.519525527954,
    51194.66972351074,
    32052.791595458984,
    12176.451444625854,
    57678.70903015137,
    5632.639169692993,
    8101.157665252686,
    1346.0972309112549,
    1333.4627151489258,
    1490.7641410827637,
    1509.7272396087646,
    1443.3093070983887,
    1463.4759426116943,
    1482.9680919647217,
    1399.0964889526367,
    1615.955114364624,
    1562.554121017456,
    1579.0350437164307,
    1572.4854469299316,
    1556.351661682129,
    1497.3807334899902,
    1492.4829006195068,
    1489.7289276123047,
    1637.1629238128662,
    1551.0294437408447,
    1526.106834411621,
    1801.7380237579346,
    1512.1290683746338,
    1785.4251861572266,
    1770.305871963501,
    1795.0267791748047,
    1750.797986984253,
    1801.5718460083008,
    2209.932327270508,
    2126.070261001587,
    2084.873676300049
  ],
  "solve_time_mean_ms": 12655.000381572272,
  "solve_time_max_ms": 108858.35385322571,
  "completed_at": "2026-05-04T03:18:35"
}