{
  "scenario": "wet",
  "year": 2024,
  "crop": "Rice",
  "controller": "mpc_perfect_Hp8",
  "runoff_mode": "cascade",
  "budget_total": 484.0,
  "ub_mm_per_day": 12.0,
  "season_days": 93,
  "N_agents": 130,
  "initial_x1": 140.0,
  "initial_x5": 0.0,
  "seed": 0,
  "forecast_horizon": 0,
  "wallclock_seconds": 2825.4996786117554,
  "final_metrics": {
    "terminal_biomass_g_m2": 848.93653110927,
    "yield_kg_ha": 3565.533430658934,
    "water_used_mm": 393.78698997491034,
    "wue_kg_ha_per_mm": 9.05447239606902,
    "budget_compliance": 1,
    "drought_days_per_agent": 3.223076923076923,
    "waterlog_days_per_agent": 35.63846153846154,
    "sink_pond_days": 6.666666666666667,
    "sink_x5_max_mm": 68.086525864154,
    "spatial_equity_cv": 0.057663360435979756
  },
  "solve_times": [
    2823.0881690979004,
    2767.0695781707764,
    2967.268705368042,
    3863.8768196105957,
    3941.843032836914,
    13416.89944267273,
    13795.31979560852,
    5910.259485244751,
    13861.939907073975,
    9746.044397354126,
    2719.172477722168,
    43520.564556121826,
    3122.1868991851807,
    42958.062171936035,
    32933.44259262085,
    17510.321140289307,
    29381.612300872803,
    42940.62542915344,
    78901.1013507843,
    32494.189739227295,
    4956.325054168701,
    8020.782470703125,
    5288.7091636657715,
    28464.274644851685,
    35115.23461341858,
    7003.374814987183,
    2654.1292667388916,
    4079.078197479248,
    27871.485948562622,
    14178.398847579956,
    12855.91435432434,
    16654.669046401978,
    45210.5598449707,
    23586.345911026,
    13251.318216323853,
    21607.96308517456,
    26268.76211166382,
    14726.746320724487,
    28165.757656097412,
    23353.43861579895,
    10126.34301185608,
    63971.75669670105,
    7402.275800704956,
    8911.465883255005,
    27079.68258857727,
    66342.24343299866,
    14473.690271377563,
    36158.9629650116,
    27461.896896362305,
    72126.93977355957,
    4686.950445175171,
    36828.35912704468,
    16004.022598266602,
    3022.073745727539,
    3756.862163543701,
    29765.87462425232,
    21874.016284942627,
    34549.5126247406,
    21011.976718902588,
    76870.34630775452,
    48333.01115036011,
    32127.83718109131,
    38557.14392662048,
    63391.1247253418,
    165025.06017684937,
    22591.246604919434,
    31284.475088119507,
    27262.11166381836,
    32198.044538497925,
    22718.377828598022,
    17266.594409942627,
    31347.898721694946,
    68682.04355239868,
    25625.121355056763,
    25661.876916885376,
    28817.274808883667,
    22132.976770401,
    20320.81937789917,
    37967.17023849487,
    47603.71279716492,
    51816.14565849304,
    34791.377544403076,
    58357.91635513306,
    45725.36540031433,
    76295.89700698853,
    8347.681760787964,
    61617.92469024658,
    75500.03170967102,
    40617.69413948059,
    80972.45836257935,
    36170.88341712952,
    76312.29043006897,
    24543.193578720093
  ],
  "solve_time_mean_ms": 30379.528924983035,
  "solve_time_max_ms": 165025.06017684937,
  "completed_at": "2026-04-27T05:45:14"
}