{
  "scenario": "moderate",
  "year": 2018,
  "crop": "Rice",
  "controller": "mpc_perfect_Hp3",
  "runoff_mode": "cascade",
  "budget_total": 338.79999999999995,
  "ub_mm_per_day": 12.0,
  "season_days": 93,
  "N_agents": 130,
  "initial_x1": 140.0,
  "initial_x5": 0.0,
  "seed": 0,
  "forecast_horizon": 0,
  "wallclock_seconds": 121.9724690914154,
  "final_metrics": {
    "terminal_biomass_g_m2": 856.728078512358,
    "yield_kg_ha": 3598.2579297519037,
    "water_used_mm": 338.7998506118203,
    "wue_kg_ha_per_mm": 10.620600697591822,
    "budget_compliance": 1,
    "drought_days_per_agent": 55.41538461538462,
    "waterlog_days_per_agent": 0.33076923076923076,
    "pond_days_per_agent": 0.0,
    "x5_max_mm": 0.0,
    "x5_mean_mm": 0.0,
    "spatial_equity_cv": 0.002096679481146099
  },
  "solve_times": [
    624.0880489349365,
    587.6319408416748,
    520.7712650299072,
    352.0855903625488,
    544.5694923400879,
    472.506046295166,
    534.1737270355225,
    418.75433921813965,
    464.4813537597656,
    806.3051700592041,
    553.2543659210205,
    750.91552734375,
    1007.627010345459,
    507.26914405822754,
    436.9375705718994,
    423.59399795532227,
    5087.0935916900635,
    504.0738582611084,
    504.05192375183105,
    442.7785873413086,
    776.848316192627,
    583.3275318145752,
    635.786771774292,
    1581.64644241333,
    1965.019941329956,
    5280.200719833374,
    446.29669189453125,
    2156.777858734131,
    1459.977149963379,
    986.9365692138672,
    525.1517295837402,
    2747.8556632995605,
    421.7958450317383,
    380.23853302001953,
    1148.2412815093994,
    375.35786628723145,
    407.64784812927246,
    428.5454750061035,
    492.6769733428955,
    437.32309341430664,
    403.22351455688477,
    380.5713653564453,
    406.2693119049072,
    373.3963966369629,
    503.85427474975586,
    1820.5959796905518,
    1021.8234062194824,
    441.4660930633545,
    527.8983116149902,
    2361.9112968444824,
    1099.8344421386719,
    489.43257331848145,
    419.0945625305176,
    4150.39849281311,
    1874.2883205413818,
    509.1583728790283,
    604.3217182159424,
    599.3313789367676,
    471.96078300476074,
    5662.6176834106445,
    8388.405323028564,
    876.3504028320312,
    1681.2691688537598,
    899.3728160858154,
    910.1057052612305,
    8970.815181732178,
    3949.174404144287,
    4456.360816955566,
    1033.3445072174072,
    708.7955474853516,
    773.8983631134033,
    771.4524269104004,
    735.5155944824219,
    757.3738098144531,
    744.572639465332,
    720.5562591552734,
    934.2098236083984,
    934.5660209655762,
    908.7264537811279,
    895.8125114440918,
    864.4747734069824,
    1066.2591457366943,
    1051.6605377197266,
    1162.034034729004,
    1125.0226497650146,
    1134.42063331604,
    1211.3120555877686,
    2064.5811557769775,
    2157.3688983917236,
    2549.467086791992,
    1431.9970607757568,
    1410.7983112335205,
    1471.925973892212
  ],
  "solve_time_mean_ms": 1308.1082067181987,
  "solve_time_max_ms": 8970.815181732178,
  "completed_at": "2026-05-13T08:04:10"
}