{
  "scenario": "moderate",
  "year": 2018,
  "crop": "Rice",
  "controller": "mpc_perfect_Hp3",
  "runoff_mode": "cascade",
  "budget_total": 411.4,
  "ub_mm_per_day": 12.0,
  "season_days": 93,
  "N_agents": 130,
  "initial_x1": 140.0,
  "initial_x5": 0.0,
  "seed": 0,
  "forecast_horizon": 0,
  "wallclock_seconds": 249.27884149551392,
  "final_metrics": {
    "terminal_biomass_g_m2": 879.5043913096688,
    "yield_kg_ha": 3693.9184435006086,
    "water_used_mm": 398.3321820637609,
    "wue_kg_ha_per_mm": 9.273462225327615,
    "budget_compliance": 1,
    "drought_days_per_agent": 37.53846153846154,
    "waterlog_days_per_agent": 6.653846153846154,
    "pond_days_per_agent": 0.0,
    "x5_max_mm": 0.0,
    "x5_mean_mm": 0.0,
    "spatial_equity_cv": 0.0015336223237713332
  },
  "solve_times": [
    736.076831817627,
    614.8312091827393,
    591.3028717041016,
    489.50886726379395,
    626.32155418396,
    554.7761917114258,
    570.6079006195068,
    517.6906585693359,
    566.1325454711914,
    958.7054252624512,
    562.0725154876709,
    719.0101146697998,
    859.8086833953857,
    1500.0014305114746,
    817.3580169677734,
    587.6162052154541,
    1915.4951572418213,
    479.8238277435303,
    531.5651893615723,
    622.6673126220703,
    1566.9264793395996,
    599.7128486633301,
    590.4865264892578,
    912.8234386444092,
    2991.4331436157227,
    13291.231632232666,
    997.3208904266357,
    18659.404754638672,
    6921.410322189331,
    1334.9690437316895,
    1050.9061813354492,
    949.4907855987549,
    991.3644790649414,
    965.7094478607178,
    950.0949382781982,
    2933.1445693969727,
    3084.101915359497,
    947.779655456543,
    963.6497497558594,
    8997.512578964233,
    921.5142726898193,
    1586.7760181427002,
    914.4487380981445,
    906.9547653198242,
    4540.708541870117,
    17791.128158569336,
    11485.9619140625,
    11929.17275428772,
    4418.765068054199,
    1166.3460731506348,
    1058.9146614074707,
    9350.811004638672,
    974.0536212921143,
    1270.3468799591064,
    1779.463768005371,
    11993.364572525024,
    2950.7882595062256,
    2253.2551288604736,
    1321.0077285766602,
    1061.6869926452637,
    1733.5402965545654,
    13192.450284957886,
    2609.327554702759,
    5348.779678344727,
    956.2344551086426,
    1139.251947402954,
    5919.639587402344,
    2086.93528175354,
    6747.513771057129,
    3132.633924484253,
    638.9853954315186,
    3315.000057220459,
    1721.84157371521,
    821.8410015106201,
    444.0133571624756,
    973.6719131469727,
    528.7516117095947,
    473.4013080596924,
    9945.95217704773,
    1088.8588428497314,
    1142.2653198242188,
    809.4828128814697,
    930.1941394805908,
    699.7652053833008,
    768.8722610473633,
    667.7961349487305,
    964.4265174865723,
    998.3904361724854,
    930.9816360473633,
    1173.1774806976318,
    1169.6481704711914,
    977.7040481567383,
    718.700647354126
  ],
  "solve_time_mean_ms": 2677.057458508399,
  "solve_time_max_ms": 18659.404754638672,
  "completed_at": "2026-05-13T08:01:57"
}