{
  "scenario": "wet",
  "year": 2024,
  "crop": "Rice",
  "controller": "mpc_perfect_Hp14",
  "runoff_mode": "cascade",
  "budget_total": 411.4,
  "ub_mm_per_day": 12.0,
  "season_days": 93,
  "N_agents": 130,
  "initial_x1": 140.0,
  "initial_x5": 0.0,
  "seed": 0,
  "forecast_horizon": 0,
  "wallclock_seconds": 34361.3903594017,
  "final_metrics": {
    "terminal_biomass_g_m2": 895.3202229841887,
    "yield_kg_ha": 3760.3449365335923,
    "water_used_mm": 326.7002829335131,
    "wue_kg_ha_per_mm": 11.510075543151157,
    "budget_compliance": 1,
    "drought_days_per_agent": 9.330769230769231,
    "waterlog_days_per_agent": 24.176923076923078,
    "pond_days_per_agent": 0.0,
    "x5_max_mm": 0.0,
    "x5_mean_mm": 0.0,
    "spatial_equity_cv": 0.005934714495285489
  },
  "solve_times": [
    14541.783094406128,
    17533.525466918945,
    85003.07393074036,
    16044.715404510498,
    22058.22706222534,
    10340.851306915283,
    21444.30923461914,
    439506.4284801483,
    279454.984664917,
    12919.856309890747,
    290653.69868278503,
    50579.37788963318,
    19408.008098602295,
    36133.21232795715,
    94451.83753967285,
    22984.37476158142,
    128421.24843597412,
    46417.54150390625,
    7653.341770172119,
    21079.262256622314,
    23925.53210258484,
    34602.79393196106,
    17685.875177383423,
    14107.0876121521,
    19237.79582977295,
    103775.52843093872,
    71449.41091537476,
    130533.86735916138,
    304612.7288341522,
    94389.92524147034,
    33232.25545883179,
    53117.26117134094,
    49278.751373291016,
    37411.0152721405,
    34934.44275856018,
    113063.6990070343,
    54942.015171051025,
    67230.544090271,
    40734.36164855957,
    26909.52444076538,
    103454.89454269409,
    67040.66753387451,
    10999.927520751953,
    59544.429779052734,
    21388.664960861206,
    68379.58097457886,
    23405.93385696411,
    75420.29547691345,
    76354.8321723938,
    93407.6759815216,
    14056.927919387817,
    67824.45478439331,
    105988.11316490173,
    20958.060264587402,
    85682.55305290222,
    66603.6126613617,
    211114.0923500061,
    185038.4178161621,
    788899.4619846344,
    119269.52576637268,
    693551.7637729645,
    163070.72854042053,
    13953.795194625854,
    999269.5198059082,
    1328805.2201271057,
    405143.812417984,
    135122.52950668335,
    2140935.68110466,
    838695.4846382141,
    400765.8340930939,
    897785.8786582947,
    541125.0152587891,
    95970.87574005127,
    305797.42789268494,
    652260.1945400238,
    185265.66791534424,
    22508.235692977905,
    373648.8952636719,
    331309.12733078003,
    84677.46329307556,
    229674.91030693054,
    237173.92349243164,
    12133706.795215607,
    1372936.3813400269,
    58619.95482444763,
    1729056.632757187,
    1197813.101053238,
    58217.45491027832,
    228302.33573913574,
    20994.136571884155,
    292979.4487953186,
    772168.7259674072,
    193008.8541507721
  ],
  "solve_time_mean_ms": 369472.6021776917,
  "solve_time_max_ms": 12133706.795215607,
  "completed_at": "2026-05-10T00:32:12"
}