{
  "scenario": "dry",
  "year": 2022,
  "crop": "Rice",
  "controller": "mpc_perfect_Hp14",
  "runoff_mode": "cascade",
  "budget_total": 484.0,
  "ub_mm_per_day": 12.0,
  "season_days": 93,
  "N_agents": 130,
  "initial_x1": 140.0,
  "initial_x5": 0.0,
  "seed": 0,
  "forecast_horizon": 0,
  "wallclock_seconds": 8741.151759147644,
  "final_metrics": {
    "terminal_biomass_g_m2": 1013.3945322318318,
    "yield_kg_ha": 4256.257035373694,
    "water_used_mm": 477.45443416625693,
    "wue_kg_ha_per_mm": 8.914477970669763,
    "budget_compliance": 1,
    "drought_days_per_agent": 2.8076923076923075,
    "waterlog_days_per_agent": 7.046153846153846,
    "pond_days_per_agent": 0.0,
    "x5_max_mm": 0.0,
    "x5_mean_mm": 0.0,
    "spatial_equity_cv": 0.0002968878325258034
  },
  "solve_times": [
    37468.7774181366,
    13228.680849075317,
    190804.7194480896,
    20225.40259361267,
    12589.345693588257,
    139817.49844551086,
    13684.029579162598,
    16080.187320709229,
    112266.15166664124,
    15569.911479949951,
    127572.38864898682,
    135427.95038223267,
    123058.46953392029,
    46710.08348464966,
    18279.008865356445,
    12080.770492553711,
    130928.7462234497,
    213998.366355896,
    12973.805665969849,
    49106.499433517456,
    22111.65189743042,
    33162.81080245972,
    106400.6860256195,
    13054.701566696167,
    131067.97051429749,
    55094.37918663025,
    109954.30874824524,
    114692.31748580933,
    12769.00315284729,
    120980.67355155945,
    141640.23733139038,
    16664.84022140503,
    27429.660081863403,
    34374.250650405884,
    85983.63590240479,
    53187.116384506226,
    45145.92909812927,
    49346.05121612549,
    11346.471309661865,
    17215.72184562683,
    16902.56643295288,
    34631.73222541809,
    10561.562776565552,
    159182.56545066833,
    26331.273555755615,
    123898.08464050293,
    68750.39839744568,
    15421.48733139038,
    97795.21155357361,
    103944.72885131836,
    62156.31937980652,
    54056.03909492493,
    13881.813764572144,
    11375.255346298218,
    11342.04888343811,
    11908.94341468811,
    114257.3926448822,
    467683.1660270691,
    385107.16915130615,
    383836.86113357544,
    226186.99288368225,
    86793.9031124115,
    116735.64648628235,
    161646.37088775635,
    48994.0025806427,
    88167.43779182434,
    88834.20157432556,
    736452.6126384735,
    686918.7920093536,
    234017.06171035767,
    16010.128259658813,
    154675.99964141846,
    29648.20623397827,
    97578.47929000854,
    63871.10877037048,
    10414.034366607666,
    103475.61073303223,
    90863.04664611816,
    16174.365520477295,
    13658.302307128906,
    35368.73412132263,
    58348.96731376648,
    81278.08952331543,
    10313.111305236816,
    11765.146970748901,
    34835.362911224365,
    155810.1282119751,
    58711.88187599182,
    109974.42412376404,
    170478.44648361206,
    68725.90136528015,
    50144.27375793457,
    7298.235654830933
  ],
  "solve_time_mean_ms": 93985.8799749805,
  "solve_time_max_ms": 736452.6126384735,
  "completed_at": "2026-05-05T20:07:22"
}