{
  "scenario": "dry",
  "year": 2022,
  "crop": "Rice",
  "controller": "mpc_perfect_Hp8",
  "runoff_mode": "cascade",
  "budget_total": 484.0,
  "ub_mm_per_day": 12.0,
  "season_days": 93,
  "N_agents": 130,
  "initial_x1": 140.0,
  "initial_x5": 0.0,
  "seed": 0,
  "forecast_horizon": 0,
  "wallclock_seconds": 2158.520894765854,
  "final_metrics": {
    "terminal_biomass_g_m2": 993.4766104809149,
    "yield_kg_ha": 4172.601764019842,
    "water_used_mm": 471.3625933456391,
    "wue_kg_ha_per_mm": 8.852212337011164,
    "budget_compliance": 1,
    "drought_days_per_agent": 13.353846153846154,
    "waterlog_days_per_agent": 1.146153846153846,
    "sink_pond_days": 0.0,
    "sink_x5_max_mm": 0.0,
    "spatial_equity_cv": 0.0012106767280275525
  },
  "solve_times": [
    4256.7431926727295,
    4342.525005340576,
    6916.962146759033,
    26652.737855911255,
    31259.760856628418,
    5590.996265411377,
    7548.489570617676,
    5626.364946365356,
    1940.0606155395508,
    10981.695652008057,
    17750.35786628723,
    33116.947412490845,
    23673.24137687683,
    13017.340183258057,
    2299.53670501709,
    4726.947784423828,
    20359.788179397583,
    9485.56661605835,
    3344.6404933929443,
    5068.611860275269,
    16994.10629272461,
    21044.43049430847,
    23544.83389854431,
    95973.80876541138,
    9182.552099227905,
    2711.250066757202,
    3456.1336040496826,
    3330.2083015441895,
    3785.377025604248,
    2894.5350646972656,
    14314.818620681763,
    2775.937795639038,
    20745.15676498413,
    3061.9797706604004,
    2378.0603408813477,
    2370.375633239746,
    3348.06752204895,
    2968.6954021453857,
    12906.614780426025,
    29001.792192459106,
    64179.553747177124,
    17470.906257629395,
    31231.110095977783,
    2382.514715194702,
    6394.45948600769,
    8369.544744491577,
    3644.639730453491,
    4042.020797729492,
    11516.385316848755,
    2398.3607292175293,
    2111.6788387298584,
    6098.406553268433,
    1935.8696937561035,
    50647.69697189331,
    16601.15647315979,
    2238.081216812134,
    2475.675344467163,
    3407.3574542999268,
    26897.501707077026,
    34967.10515022278,
    3829.843044281006,
    76630.74207305908,
    13106.582164764404,
    54907.90939331055,
    78901.6637802124,
    47479.44259643555,
    86552.82044410706,
    3911.769151687622,
    170630.686044693,
    30036.63206100464,
    40798.06900024414,
    92642.01712608337,
    65910.75849533081,
    59787.46175765991,
    2870.3250885009766,
    31248.848915100098,
    106455.313205719,
    19665.415048599243,
    3453.7229537963867,
    10308.945417404175,
    23221.7276096344,
    2956.272602081299,
    3965.857744216919,
    44821.06518745422,
    16175.437688827515,
    39867.02632904053,
    29922.101736068726,
    37984.76576805115,
    72349.06315803528,
    4369.532108306885,
    24248.496294021606,
    25684.556245803833,
    19440.990686416626
  ],
  "solve_time_mean_ms": 23203.16059102294,
  "solve_time_max_ms": 170630.686044693,
  "completed_at": "2026-04-27T04:08:18"
}