{
  "scenario": "dry",
  "year": 2022,
  "crop": "Rice",
  "controller": "mpc_perfect_Hp14",
  "runoff_mode": "cascade",
  "budget_total": 411.4,
  "ub_mm_per_day": 12.0,
  "season_days": 93,
  "N_agents": 130,
  "initial_x1": 140.0,
  "initial_x5": 0.0,
  "seed": 0,
  "forecast_horizon": 0,
  "wallclock_seconds": 10033.23843717575,
  "final_metrics": {
    "terminal_biomass_g_m2": 968.871732127594,
    "yield_kg_ha": 4069.261274935894,
    "water_used_mm": 407.60248065509296,
    "wue_kg_ha_per_mm": 9.983406549429814,
    "budget_compliance": 1,
    "drought_days_per_agent": 13.792307692307693,
    "waterlog_days_per_agent": 2.923076923076923,
    "pond_days_per_agent": 0.0,
    "x5_max_mm": 0.0,
    "x5_mean_mm": 0.0,
    "spatial_equity_cv": 0.0011360085188580797
  },
  "solve_times": [
    90725.13604164124,
    23413.292407989502,
    32938.59076499939,
    41488.048791885376,
    70979.7101020813,
    11761.555910110474,
    48808.97331237793,
    20124.088764190674,
    94421.71168327332,
    53152.9655456543,
    104529.48355674744,
    14282.500743865967,
    77905.78866004944,
    81108.87885093689,
    79142.46273040771,
    124077.45790481567,
    361306.804895401,
    131832.91101455688,
    182623.9104270935,
    79981.89568519592,
    82784.95907783508,
    81477.84328460693,
    13974.037170410156,
    17256.181478500366,
    48168.537855148315,
    87161.23342514038,
    58178.01594734192,
    13210.2530002594,
    33143.35346221924,
    10999.020338058472,
    313251.7397403717,
    52212.20326423645,
    422007.9288482666,
    138922.10936546326,
    104856.83059692383,
    738881.8624019623,
    412450.1826763153,
    87583.16993713379,
    466260.37883758545,
    225887.66956329346,
    252342.86665916443,
    76602.02217102051,
    13531.249523162842,
    16955.08575439453,
    12150.190591812134,
    22059.627294540405,
    200899.3763923645,
    233632.81512260437,
    49253.3233165741,
    205912.29152679443,
    22939.33391571045,
    263399.6195793152,
    76301.37634277344,
    126373.57926368713,
    66655.71928024292,
    76299.41368103027,
    169273.48041534424,
    50319.79012489319,
    50300.97222328186,
    47867.501974105835,
    223288.6619567871,
    258981.94289207458,
    387260.9212398529,
    227160.31575202942,
    52223.71792793274,
    64796.89884185791,
    428529.26111221313,
    269806.35619163513,
    10089.446544647217,
    14876.420497894287,
    30286.977767944336,
    83974.01452064514,
    57620.53942680359,
    149171.07224464417,
    51173.42495918274,
    64347.98884391785,
    121110.58259010315,
    85845.91865539551,
    52913.96141052246,
    129767.06051826477,
    11712.36252784729,
    19755.525588989258,
    6555.197238922119,
    6931.485414505005,
    7019.336462020874,
    6871.7029094696045,
    6742.772340774536,
    6283.054828643799,
    6377.217531204224,
    6105.3290367126465,
    6301.363706588745,
    6368.573427200317,
    6374.290943145752
  ],
  "solve_time_mean_ms": 107881.36568889824,
  "solve_time_max_ms": 738881.8624019623,
  "completed_at": "2026-05-08T18:51:43"
}