{
  "scenario": "wet",
  "year": 2024,
  "crop": "Rice",
  "controller": "mpc_perfect_Hp3",
  "runoff_mode": "cascade",
  "budget_total": 484.0,
  "ub_mm_per_day": 12.0,
  "season_days": 93,
  "N_agents": 130,
  "initial_x1": 140.0,
  "initial_x5": 0.0,
  "seed": 0,
  "forecast_horizon": 0,
  "wallclock_seconds": 327.21822571754456,
  "final_metrics": {
    "terminal_biomass_g_m2": 879.8592244986586,
    "yield_kg_ha": 3695.408742894366,
    "water_used_mm": 311.77276962071267,
    "wue_kg_ha_per_mm": 11.852891281653678,
    "budget_compliance": 1,
    "drought_days_per_agent": 18.053846153846155,
    "waterlog_days_per_agent": 26.607692307692307,
    "pond_days_per_agent": 0.0,
    "x5_max_mm": 0.0857424151633488,
    "x5_mean_mm": 7.092011179764169e-06,
    "spatial_equity_cv": 0.008418328697072736
  },
  "solve_times": [
    1232.0148944854736,
    1197.1979141235352,
    926.5267848968506,
    1010.0710391998291,
    1008.3866119384766,
    1337.0027542114258,
    1190.8860206604004,
    1210.4597091674805,
    1131.4117908477783,
    1453.6607265472412,
    1692.4617290496826,
    1134.6383094787598,
    1084.930181503296,
    5151.458501815796,
    1017.6355838775635,
    964.240550994873,
    987.0665073394775,
    1184.5176219940186,
    7684.675216674805,
    1036.700963973999,
    973.0231761932373,
    947.2756385803223,
    3145.846366882324,
    19737.293004989624,
    960.1864814758301,
    40983.694314956665,
    1350.8758544921875,
    1034.0991020202637,
    6324.265480041504,
    1236.1657619476318,
    2851.2215614318848,
    1424.0620136260986,
    1332.9379558563232,
    1289.6382808685303,
    3229.731559753418,
    1748.5063076019287,
    1897.8822231292725,
    1426.9022941589355,
    1491.736888885498,
    1035.442590713501,
    1624.985933303833,
    1408.5307121276855,
    1616.0850524902344,
    1551.975965499878,
    2409.506320953369,
    3727.6768684387207,
    1570.8823204040527,
    6395.201921463013,
    1220.3233242034912,
    4106.89115524292,
    1487.5011444091797,
    1015.4223442077637,
    23672.241926193237,
    956.0484886169434,
    1512.1538639068604,
    1445.2505111694336,
    951.6561031341553,
    9593.052864074707,
    1316.9200420379639,
    1016.0667896270752,
    1006.3426494598389,
    1036.0300540924072,
    1187.2224807739258,
    971.4577198028564,
    2844.2585468292236,
    1868.988037109375,
    1855.02028465271,
    1547.5678443908691,
    12344.72370147705,
    3624.0856647491455,
    3764.5835876464844,
    5193.661689758301,
    1094.6745872497559,
    1124.4795322418213,
    1491.8487071990967,
    1629.3256282806396,
    1690.3111934661865,
    1608.750581741333,
    1430.2103519439697,
    1637.5000476837158,
    9192.757368087769,
    1425.7452487945557,
    22075.42634010315,
    15673.38228225708,
    3670.3224182128906,
    19683.913230895996,
    1370.776653289795,
    1187.5064373016357,
    1180.4163455963135,
    991.9164180755615,
    2587.23783493042,
    1020.6377506256104,
    997.4207878112793
  ],
  "solve_time_mean_ms": 3512.511891703452,
  "solve_time_max_ms": 40983.694314956665,
  "completed_at": "2026-04-28T23:43:41"
}