{
  "scenario": "moderate",
  "year": 2020,
  "crop": "Rice",
  "controller": "mpc_perfect_Hp8",
  "runoff_mode": "cascade",
  "budget_total": 484.0,
  "ub_mm_per_day": 12.0,
  "season_days": 93,
  "N_agents": 130,
  "initial_x1": 140.0,
  "initial_x5": 0.0,
  "seed": 0,
  "forecast_horizon": 0,
  "wallclock_seconds": 2412.6618769168854,
  "final_metrics": {
    "terminal_biomass_g_m2": 958.2058554947994,
    "yield_kg_ha": 4024.464593078157,
    "water_used_mm": 474.2420050782353,
    "wue_kg_ha_per_mm": 8.48609897475076,
    "budget_compliance": 1,
    "drought_days_per_agent": 4.7,
    "waterlog_days_per_agent": 0.023076923076923078,
    "sink_pond_days": 0.0,
    "sink_x5_max_mm": 0.0,
    "spatial_equity_cv": 0.0013704274011994185
  },
  "solve_times": [
    4476.5918254852295,
    7500.213861465454,
    19912.348747253418,
    22825.092554092407,
    11520.483493804932,
    17387.942790985107,
    5687.644720077515,
    3484.973907470703,
    3076.4544010162354,
    14017.662048339844,
    48758.71300697327,
    25346.73500061035,
    52360.37492752075,
    2501.507520675659,
    3590.993881225586,
    17346.834659576416,
    31166.18323326111,
    3511.383295059204,
    11749.473094940186,
    83066.44940376282,
    89957.6358795166,
    11021.040678024292,
    5922.229051589966,
    54430.052518844604,
    30305.362462997437,
    5050.496339797974,
    61121.384620666504,
    3795.7072257995605,
    2390.744209289551,
    13742.77663230896,
    71963.13285827637,
    71908.7586402893,
    86202.41117477417,
    1647.4583148956299,
    43107.210874557495,
    33864.19320106506,
    11790.659189224243,
    10470.491170883179,
    25322.463035583496,
    41017.80462265015,
    19931.31399154663,
    24051.432609558105,
    15295.531034469604,
    5440.990924835205,
    4701.784610748291,
    2623.0571269989014,
    36212.822914123535,
    2744.001865386963,
    25244.18807029724,
    67554.67057228088,
    44210.78634262085,
    51460.79778671265,
    12230.165958404541,
    3684.3316555023193,
    5897.503137588501,
    15961.389780044556,
    40816.16497039795,
    19518.455028533936,
    2420.9184646606445,
    33155.40146827698,
    60839.00332450867,
    1814.150333404541,
    15709.83910560608,
    21773.662328720093,
    19771.772623062134,
    46027.28533744812,
    2383.6305141448975,
    12854.368209838867,
    12268.396854400635,
    23659.60383415222,
    11083.653450012207,
    24736.42635345459,
    39192.45648384094,
    6404.295444488525,
    13514.778137207031,
    5833.339691162109,
    19626.48868560791,
    17974.425554275513,
    32822.957038879395,
    65527.83823013306,
    9050.545454025269,
    75818.73798370361,
    62852.16927528381,
    61318.12405586243,
    101703.75990867615,
    53983.29281806946,
    14360.568761825562,
    7618.18265914917,
    4403.707027435303,
    24480.417251586914,
    33793.74051094055,
    8143.382787704468,
    3656.6781997680664
  ],
  "solve_time_mean_ms": 25940.61780232255,
  "solve_time_max_ms": 101703.75990867615,
  "completed_at": "2026-04-27T04:57:46"
}