{
  "scenario": "wet",
  "year": 2024,
  "crop": "Rice",
  "controller": "mpc_perfect_Hp14",
  "runoff_mode": "cascade",
  "budget_total": 338.79999999999995,
  "ub_mm_per_day": 12.0,
  "season_days": 93,
  "N_agents": 130,
  "initial_x1": 140.0,
  "initial_x5": 0.0,
  "seed": 0,
  "forecast_horizon": 0,
  "wallclock_seconds": 34228.15819454193,
  "final_metrics": {
    "terminal_biomass_g_m2": 897.1294534064098,
    "yield_kg_ha": 3767.943704306921,
    "water_used_mm": 316.42664278980016,
    "wue_kg_ha_per_mm": 11.907795345823448,
    "budget_compliance": 1,
    "drought_days_per_agent": 9.192307692307692,
    "waterlog_days_per_agent": 19.984615384615385,
    "pond_days_per_agent": 0.0,
    "x5_max_mm": 0.0,
    "x5_mean_mm": 0.0,
    "spatial_equity_cv": 0.006425296533933808
  },
  "solve_times": [
    15772.294521331787,
    17803.39026451111,
    70911.56816482544,
    26690.181255340576,
    37844.99216079712,
    93909.43360328674,
    103350.01182556152,
    113849.36475753784,
    14474.522113800049,
    123115.4899597168,
    74436.72108650208,
    36869.68207359314,
    87499.68433380127,
    98621.15335464478,
    164902.3642539978,
    15827.92615890503,
    104877.14147567749,
    18787.646532058716,
    115862.21837997437,
    49610.46361923218,
    43451.20191574097,
    52935.08243560791,
    59485.137939453125,
    61155.35283088684,
    14639.687061309814,
    123464.79773521423,
    57089.42890167236,
    76903.08713912964,
    99752.85625457764,
    49163.6278629303,
    97931.01835250854,
    79688.62819671631,
    28339.537382125854,
    35615.286350250244,
    54479.7089099884,
    12647.437572479248,
    37222.85079956055,
    28408.83207321167,
    13696.961879730225,
    17971.49610519409,
    13348.644733428955,
    13981.269359588623,
    37440.980434417725,
    32033.50567817688,
    62272.02272415161,
    20955.732822418213,
    176378.7658214569,
    15408.08892250061,
    11848.00386428833,
    80373.8157749176,
    33424.81303215027,
    76325.5512714386,
    58856.84251785278,
    88913.77902030945,
    108417.00100898743,
    74513.1254196167,
    65865.70763587952,
    261383.35871696472,
    710841.5236473083,
    782265.1312351227,
    1993491.0316467285,
    1639587.5580310822,
    1576954.5850753784,
    107241.21069908142,
    53542.41228103638,
    1278601.9203662872,
    447873.7139701843,
    216431.2105178833,
    130345.21842002869,
    403007.9894065857,
    389038.6438369751,
    653018.2473659515,
    1994511.5036964417,
    210547.9097366333,
    792361.2174987793,
    888931.746006012,
    1226884.7205638885,
    10744679.448127747,
    472074.5327472687,
    363381.6690444946,
    60176.57971382141,
    433824.0518569946,
    351526.4163017273,
    355038.68651390076,
    267146.8427181244,
    34254.94599342346,
    1579095.43967247,
    55928.56216430664,
    79077.79622077942,
    86539.79682922363,
    65999.22204017639,
    86381.43658638,
    36322.43371009827
  ],
  "solve_time_mean_ms": 368040.04979133606,
  "solve_time_max_ms": 10744679.448127747,
  "completed_at": "2026-05-10T10:03:36"
}