{
  "scenario": "moderate",
  "year": 2018,
  "crop": "Rice",
  "controller": "mpc_perfect_Hp8",
  "runoff_mode": "cascade",
  "budget_total": 338.79999999999995,
  "ub_mm_per_day": 12.0,
  "season_days": 93,
  "N_agents": 130,
  "initial_x1": 140.0,
  "initial_x5": 0.0,
  "seed": 0,
  "forecast_horizon": 0,
  "wallclock_seconds": 1914.4725596904755,
  "final_metrics": {
    "terminal_biomass_g_m2": 859.9377693717415,
    "yield_kg_ha": 3611.738631361314,
    "water_used_mm": 338.6097825421403,
    "wue_kg_ha_per_mm": 10.666374149754017,
    "budget_compliance": 1,
    "drought_days_per_agent": 25.33076923076923,
    "waterlog_days_per_agent": 1.2615384615384615,
    "pond_days_per_agent": 0.0,
    "x5_max_mm": 0.0,
    "x5_mean_mm": 0.0,
    "spatial_equity_cv": 0.0016209816699815842
  },
  "solve_times": [
    9431.783437728882,
    13701.225996017456,
    13796.604633331299,
    6962.985515594482,
    9627.814054489136,
    90243.48211288452,
    127808.44950675964,
    35470.7977771759,
    46987.19263076782,
    58791.29219055176,
    16112.015724182129,
    45786.22579574585,
    20683.10046195984,
    24121.28973007202,
    49374.90725517273,
    66171.89693450928,
    107576.97296142578,
    29165.936946868896,
    97319.24533843994,
    26130.29384613037,
    30893.858194351196,
    22343.798637390137,
    29629.154682159424,
    15077.489137649536,
    13406.719207763672,
    11749.101161956787,
    20858.410835266113,
    31648.850679397583,
    33071.0711479187,
    39977.91266441345,
    3272.6898193359375,
    4331.188201904297,
    71907.8586101532,
    41640.949964523315,
    6084.225654602051,
    24028.040170669556,
    3188.915014266968,
    5224.551677703857,
    2350.942850112915,
    51407.49788284302,
    32196.691751480103,
    37994.550943374634,
    39735.44788360596,
    2309.6632957458496,
    1940.1187896728516,
    9657.273292541504,
    22853.017807006836,
    36612.07890510559,
    54740.323066711426,
    18717.905282974243,
    23680.948972702026,
    12209.560632705688,
    14837.876558303833,
    3948.0068683624268,
    5824.791193008423,
    10369.40336227417,
    35481.68873786926,
    4814.207077026367,
    3913.49196434021,
    3696.1216926574707,
    14070.347547531128,
    23531.40926361084,
    4044.874906539917,
    28106.245279312134,
    12586.333751678467,
    20324.628591537476,
    17404.459714889526,
    10307.215452194214,
    2089.1215801239014,
    1701.9844055175781,
    1698.730707168579,
    1693.5904026031494,
    1669.311761856079,
    1689.4917488098145,
    1999.0723133087158,
    1953.747272491455,
    1640.4199600219727,
    1551.3436794281006,
    1992.84029006958,
    1761.0819339752197,
    1897.2914218902588,
    3027.073621749878,
    1941.4021968841553,
    1951.3626098632812,
    1813.3854866027832,
    2472.6719856262207,
    2611.0434532165527,
    3279.6976566314697,
    1989.8996353149414,
    1918.3542728424072,
    2706.0868740081787,
    1982.5067520141602,
    1849.3835926055908
  ],
  "solve_time_mean_ms": 20582.21846498469,
  "solve_time_max_ms": 127808.44950675964,
  "completed_at": "2026-05-13T16:21:48"
}