{
  "scenario": "dry",
  "year": 2022,
  "crop": "Rice",
  "controller": "mpc_perfect_Hp8",
  "runoff_mode": "cascade",
  "budget_total": 484.0,
  "ub_mm_per_day": 12.0,
  "season_days": 93,
  "N_agents": 130,
  "initial_x1": 140.0,
  "initial_x5": 0.0,
  "seed": 0,
  "forecast_horizon": 0,
  "wallclock_seconds": 1302.9648342132568,
  "final_metrics": {
    "terminal_biomass_g_m2": 1005.3145945652888,
    "yield_kg_ha": 4222.321297174213,
    "water_used_mm": 471.07269999901376,
    "wue_kg_ha_per_mm": 8.963205248750464,
    "budget_compliance": 1,
    "drought_days_per_agent": 12.46923076923077,
    "waterlog_days_per_agent": 0.8846153846153846,
    "pond_days_per_agent": 0.0,
    "x5_max_mm": 0.0,
    "x5_mean_mm": 0.0,
    "spatial_equity_cv": 0.0024149221315081246
  },
  "solve_times": [
    2391.382932662964,
    2631.7296028137207,
    3988.5029792785645,
    3609.102725982666,
    3489.898920059204,
    4982.782363891602,
    3973.680019378662,
    2903.888940811157,
    6152.157783508301,
    12339.447498321533,
    21618.186712265015,
    15656.36396408081,
    7967.214822769165,
    2895.3399658203125,
    3673.908472061157,
    3962.82696723938,
    13408.837795257568,
    3358.3672046661377,
    17537.82629966736,
    29259.72270965576,
    25144.481897354126,
    27067.04020500183,
    17075.180053710938,
    18440.550804138184,
    7206.516981124878,
    1982.6664924621582,
    4349.738836288452,
    35918.28894615173,
    31969.797611236572,
    27228.792667388916,
    36586.2135887146,
    20364.310026168823,
    2294.360876083374,
    6499.749660491943,
    4233.954191207886,
    7540.524482727051,
    3170.562982559204,
    18928.76625061035,
    12335.891962051392,
    14610.764980316162,
    45741.036891937256,
    22052.945852279663,
    14602.073431015015,
    24035.733699798584,
    26732.646942138672,
    20615.94033241272,
    19021.51608467102,
    17779.162645339966,
    2741.643190383911,
    2707.174777984619,
    18161.407947540283,
    3343.6124324798584,
    3663.5804176330566,
    3003.6368370056152,
    2783.7798595428467,
    2772.387981414795,
    2750.462532043457,
    4383.763074874878,
    18137.197732925415,
    2996.220111846924,
    9363.080978393555,
    2135.3633403778076,
    15136.966943740845,
    5861.94372177124,
    11368.56198310852,
    3158.8830947875977,
    2074.944019317627,
    2089.1222953796387,
    16308.514833450317,
    3253.760576248169,
    14686.408519744873,
    7912.606716156006,
    15766.961812973022,
    42474.66707229614,
    18364.0353679657,
    56786.80372238159,
    25022.45831489563,
    42112.42651939392,
    21971.009016036987,
    6309.446811676025,
    21554.110527038574,
    25690.467596054077,
    41605.34358024597,
    6871.346712112427,
    18171.733856201172,
    46782.8586101532,
    2859.9259853363037,
    6391.898393630981,
    18697.436809539795,
    12804.31580543518,
    28177.751541137695,
    2551.257371902466,
    1613.6853694915771
  ],
  "solve_time_mean_ms": 14007.58433085616,
  "solve_time_max_ms": 56786.80372238159,
  "completed_at": "2026-05-03T14:41:01"
}