{
  "scenario": "dry",
  "year": 2022,
  "crop": "Rice",
  "controller": "mpc_perfect_Hp8",
  "runoff_mode": "cascade",
  "budget_total": 484.0,
  "ub_mm_per_day": 12.0,
  "season_days": 93,
  "N_agents": 130,
  "initial_x1": 140.0,
  "initial_x5": 0.0,
  "seed": 0,
  "forecast_horizon": 0,
  "wallclock_seconds": 7087.602036237717,
  "final_metrics": {
    "terminal_biomass_g_m2": 1014.621555814314,
    "yield_kg_ha": 4261.410534420119,
    "water_used_mm": 483.0878468623678,
    "wue_kg_ha_per_mm": 8.821191760665837,
    "budget_compliance": 1,
    "drought_days_per_agent": 0.9307692307692308,
    "waterlog_days_per_agent": 3.1538461538461537,
    "sink_pond_days": 0.0,
    "sink_x5_max_mm": 0.0,
    "spatial_equity_cv": 0.00033587635032203585
  },
  "solve_times": [
    3253.300189971924,
    3399.3098735809326,
    90917.30785369873,
    67971.45080566406,
    64846.72164916992,
    53057.74116516113,
    53428.59745025635,
    16408.14185142517,
    93791.09144210815,
    82316.56050682068,
    97293.30062866211,
    95052.05225944519,
    84311.83552742004,
    100254.3535232544,
    97766.58725738525,
    102021.85916900635,
    82864.91441726685,
    76182.45363235474,
    77395.71380615234,
    95608.92224311829,
    69602.55360603333,
    100272.2761631012,
    61542.21773147583,
    83073.1143951416,
    111043.1752204895,
    78582.98087120056,
    79907.35459327698,
    83717.58937835693,
    115082.60655403137,
    74120.05400657654,
    92630.70249557495,
    75858.98756980896,
    102291.57614707947,
    83965.1403427124,
    82629.47607040405,
    68814.11409378052,
    70823.88186454773,
    77560.94884872437,
    50674.07464981079,
    63391.576528549194,
    79135.25056838989,
    75775.46668052673,
    81710.3922367096,
    91758.75663757324,
    101016.8764591217,
    2799.1044521331787,
    2282.139301300049,
    2268.474817276001,
    91361.7742061615,
    86362.5955581665,
    102638.56935501099,
    77152.7931690216,
    77597.86462783813,
    58350.167751312256,
    2587.877035140991,
    56708.55450630188,
    49120.423793792725,
    72241.93286895752,
    84704.0228843689,
    73569.61441040039,
    69591.90273284912,
    85067.34728813171,
    91477.92673110962,
    104778.08427810669,
    104872.25413322449,
    105949.8975276947,
    82929.69870567322,
    104515.86318016052,
    77242.62595176697,
    59269.22965049744,
    47971.99630737305,
    74217.78750419617,
    82331.98046684265,
    90258.46266746521,
    68469.95210647583,
    74744.9119091034,
    92075.91915130615,
    94671.05174064636,
    83735.76712608337,
    90493.92342567444,
    95375.75507164001,
    76414.65520858765,
    78524.56212043762,
    85609.10391807556,
    80325.3481388092,
    74341.21417999268,
    83524.40690994263,
    69395.49589157104,
    87268.0401802063,
    72550.52590370178,
    137356.76884651184,
    86060.67252159119,
    42716.569900512695
  ],
  "solve_time_mean_ms": 76204.2899900867,
  "solve_time_max_ms": 137356.76884651184,
  "completed_at": "2026-04-26T16:57:55"
}