{
  "scenario": "moderate",
  "year": 2020,
  "crop": "Rice",
  "controller": "mpc_perfect_Hp8",
  "runoff_mode": "cascade",
  "budget_total": 411.4,
  "ub_mm_per_day": 12.0,
  "season_days": 93,
  "N_agents": 130,
  "initial_x1": 140.0,
  "initial_x5": 0.0,
  "seed": 0,
  "forecast_horizon": 0,
  "wallclock_seconds": 3505.5678231716156,
  "final_metrics": {
    "terminal_biomass_g_m2": 941.1487021704586,
    "yield_kg_ha": 3952.824549115926,
    "water_used_mm": 410.72147506414245,
    "wue_kg_ha_per_mm": 9.624100002315712,
    "budget_compliance": 1,
    "drought_days_per_agent": 25.715384615384615,
    "waterlog_days_per_agent": 0.0,
    "sink_pond_days": 0.0,
    "sink_x5_max_mm": 0.0,
    "spatial_equity_cv": 0.001705313272211315
  },
  "solve_times": [
    16998.785257339478,
    14780.484199523926,
    33502.187967300415,
    9909.745454788208,
    11300.800800323486,
    6427.358865737915,
    7453.6309242248535,
    58707.63039588928,
    6803.334951400757,
    9507.390260696411,
    33322.429895401,
    6174.444675445557,
    6268.529891967773,
    70788.7876033783,
    18641.679525375366,
    50093.953132629395,
    6350.19850730896,
    7767.02618598938,
    7710.833549499512,
    6544.830083847046,
    6707.0136070251465,
    7391.138553619385,
    108008.47911834717,
    13423.794031143188,
    9375.627517700195,
    8393.531084060669,
    20420.284032821655,
    9015.278339385986,
    6552.314519882202,
    18174.93486404419,
    95730.75699806213,
    85275.93851089478,
    5956.825494766235,
    59008.493185043335,
    53598.32668304443,
    73708.01424980164,
    48339.24603462219,
    62347.275733947754,
    58684.285163879395,
    5836.874008178711,
    40555.11212348938,
    29789.904832839966,
    8505.108833312988,
    4979.345083236694,
    31437.904119491577,
    221450.88076591492,
    9465.93451499939,
    177083.36353302002,
    158348.4263420105,
    208571.81787490845,
    59819.560050964355,
    102232.73372650146,
    18646.24547958374,
    18270.604610443115,
    6209.009408950806,
    59797.080516815186,
    85678.053855896,
    68761.85917854309,
    7084.048271179199,
    60457.49258995056,
    143128.4852027893,
    23004.67610359192,
    134351.72939300537,
    6285.622596740723,
    57800.36544799805,
    51839.035987854004,
    64789.13450241089,
    36481.89377784729,
    58895.50805091858,
    9826.446294784546,
    32358.343839645386,
    11650.572776794434,
    14217.48399734497,
    80114.71223831177,
    25935.18376350403,
    48802.37555503845,
    52998.22425842285,
    43931.41722679138,
    6889.786243438721,
    5517.26770401001,
    5583.0934047698975,
    5600.169658660889,
    5376.793146133423,
    4747.732400894165,
    5312.316179275513,
    5373.611688613892,
    5453.142404556274,
    5564.877033233643,
    6957.498788833618,
    6415.895462036133,
    6257.607698440552,
    5789.3617153167725,
    5610.1086139678955
  ],
  "solve_time_mean_ms": 37688.25217985338,
  "solve_time_max_ms": 221450.88076591492,
  "completed_at": "2026-04-27T14:54:15"
}