{
  "scenario": "dry",
  "year": 2022,
  "crop": "Rice",
  "controller": "mpc_perfect_Hp14",
  "runoff_mode": "cascade",
  "budget_total": 411.4,
  "ub_mm_per_day": 12.0,
  "season_days": 93,
  "N_agents": 130,
  "initial_x1": 140.0,
  "initial_x5": 0.0,
  "seed": 0,
  "forecast_horizon": 0,
  "wallclock_seconds": 8157.443371772766,
  "final_metrics": {
    "terminal_biomass_g_m2": 980.9733223313635,
    "yield_kg_ha": 4120.087953791727,
    "water_used_mm": 408.91237456844647,
    "wue_kg_ha_per_mm": 10.07572333348909,
    "budget_compliance": 1,
    "drought_days_per_agent": 15.076923076923077,
    "waterlog_days_per_agent": 15.723076923076922,
    "pond_days_per_agent": 0.0,
    "x5_max_mm": 0.0,
    "x5_mean_mm": 0.0,
    "spatial_equity_cv": 0.0007754510529209934
  },
  "solve_times": [
    208026.9010066986,
    123991.23358726501,
    37137.53938674927,
    10347.825527191162,
    125599.7862815857,
    13883.640766143799,
    90099.10845756531,
    7728.105545043945,
    73490.11850357056,
    73850.9418964386,
    117366.4448261261,
    157418.5118675232,
    15014.286041259766,
    7258.2361698150635,
    11235.739469528198,
    180691.22910499573,
    8547.436237335205,
    187632.67612457275,
    7067.292928695679,
    23050.151824951172,
    97991.13202095032,
    222408.8315963745,
    90177.70671844482,
    17238.60812187195,
    9592.093467712402,
    71881.24418258667,
    12693.801403045654,
    7686.995267868042,
    67861.96160316467,
    107211.2352848053,
    78691.10298156738,
    56591.00675582886,
    56250.33760070801,
    116071.52152061462,
    41619.51184272766,
    17785.89677810669,
    74642.58790016174,
    62790.02118110657,
    78660.37011146545,
    13324.920892715454,
    7421.217441558838,
    119642.99583435059,
    11427.155494689941,
    7650.205135345459,
    7824.696779251099,
    12241.83988571167,
    143368.1297302246,
    108550.82869529724,
    117837.01014518738,
    107162.63365745544,
    80894.02866363525,
    70848.94061088562,
    83808.31956863403,
    67207.07297325134,
    121149.38473701477,
    93368.85786056519,
    77131.16693496704,
    478440.815448761,
    518639.37282562256,
    386218.36256980896,
    576139.0023231506,
    84451.59006118774,
    472230.9272289276,
    41541.06521606445,
    158759.4199180603,
    181103.00040245056,
    100814.08357620239,
    109204.66446876526,
    175572.8998184204,
    58113.03949356079,
    114685.46652793884,
    87982.05852508545,
    56018.42427253723,
    135832.04913139343,
    91450.82330703735,
    100250.98538398743,
    42267.040729522705,
    32432.995319366455,
    51548.33245277405,
    7416.113376617432,
    6039.911508560181,
    6001.034498214722,
    6101.743936538696,
    6077.921390533447,
    5976.5636920928955,
    6116.820573806763,
    5574.493646621704,
    5581.2835693359375,
    5650.712490081787,
    5573.556423187256,
    5698.908567428589,
    6811.179399490356,
    6671.765327453613
  ],
  "solve_time_mean_ms": 87711.08606810211,
  "solve_time_max_ms": 576139.0023231506,
  "completed_at": "2026-04-28T13:26:11"
}