{
  "scenario": "dry",
  "year": 2022,
  "crop": "Rice",
  "controller": "mpc_perfect_Hp3",
  "runoff_mode": "cascade",
  "budget_total": 411.4,
  "ub_mm_per_day": 12.0,
  "season_days": 93,
  "N_agents": 130,
  "initial_x1": 140.0,
  "initial_x5": 0.0,
  "seed": 0,
  "forecast_horizon": 0,
  "wallclock_seconds": 97.63174104690552,
  "final_metrics": {
    "terminal_biomass_g_m2": 968.6072326085,
    "yield_kg_ha": 4068.1503769557,
    "water_used_mm": 411.2959822750426,
    "wue_kg_ha_per_mm": 9.891053042757997,
    "budget_compliance": 1,
    "drought_days_per_agent": 42.52307692307692,
    "waterlog_days_per_agent": 0.0,
    "pond_days_per_agent": 0.0,
    "x5_max_mm": 0.0,
    "x5_mean_mm": 0.0,
    "spatial_equity_cv": 0.0012127968848917852
  },
  "solve_times": [
    1026.8514156341553,
    431.4711093902588,
    411.4573001861572,
    454.5464515686035,
    447.92866706848145,
    284.04974937438965,
    284.93809700012207,
    411.87000274658203,
    349.6556282043457,
    311.67006492614746,
    327.6970386505127,
    284.56783294677734,
    1530.5171012878418,
    2006.1538219451904,
    945.1818466186523,
    274.16300773620605,
    1468.4569835662842,
    1001.8703937530518,
    1492.5949573516846,
    846.6012477874756,
    954.1139602661133,
    3613.751173019409,
    464.1122817993164,
    333.390474319458,
    501.39451026916504,
    755.2502155303955,
    3176.677465438843,
    336.27772331237793,
    3552.8385639190674,
    4473.597764968872,
    379.55713272094727,
    380.4616928100586,
    829.0586471557617,
    4654.392957687378,
    438.4503364562988,
    2016.829490661621,
    750.0169277191162,
    600.8222103118896,
    781.21018409729,
    406.60738945007324,
    274.2946147918701,
    274.5487689971924,
    6069.3981647491455,
    361.4234924316406,
    351.0775566101074,
    1153.8515090942383,
    320.71876525878906,
    5848.572492599487,
    1236.0663414001465,
    458.19091796875,
    333.94718170166016,
    3720.471143722534,
    814.0857219696045,
    1730.7324409484863,
    320.95789909362793,
    317.62027740478516,
    306.10013008117676,
    311.7187023162842,
    532.5760841369629,
    6326.457738876343,
    559.6880912780762,
    3039.3617153167725,
    3785.5982780456543,
    548.9840507507324,
    575.6750106811523,
    631.272554397583,
    376.4941692352295,
    515.749454498291,
    1690.2790069580078,
    568.6838626861572,
    674.964427947998,
    456.6798210144043,
    274.9037742614746,
    295.4869270324707,
    748.4982013702393,
    364.3994331359863,
    354.22468185424805,
    363.12055587768555,
    306.1540126800537,
    865.4618263244629,
    564.638614654541,
    832.8795433044434,
    1212.214708328247,
    253.04698944091797,
    273.9250659942627,
    274.6596336364746,
    296.34761810302734,
    256.9549083709717,
    276.46493911743164,
    291.0950183868408,
    319.98419761657715,
    302.63423919677734,
    320.93262672424316
  ],
  "solve_time_mean_ms": 1048.659373355168,
  "solve_time_max_ms": 6326.457738876343,
  "completed_at": "2026-05-08T12:34:25"
}