{
  "scenario": "wet",
  "year": 2024,
  "crop": "Rice",
  "controller": "mpc_perfect_Hp8",
  "runoff_mode": "cascade",
  "budget_total": 411.4,
  "ub_mm_per_day": 12.0,
  "season_days": 93,
  "N_agents": 130,
  "initial_x1": 140.0,
  "initial_x5": 0.0,
  "seed": 0,
  "forecast_horizon": 0,
  "wallclock_seconds": 2899.037198781967,
  "final_metrics": {
    "terminal_biomass_g_m2": 891.1406867387767,
    "yield_kg_ha": 3742.790884302862,
    "water_used_mm": 308.3310034787953,
    "wue_kg_ha_per_mm": 12.138872971171267,
    "budget_compliance": 1,
    "drought_days_per_agent": 9.846153846153847,
    "waterlog_days_per_agent": 16.915384615384614,
    "pond_days_per_agent": 0.0,
    "x5_max_mm": 0.0,
    "x5_mean_mm": 0.0,
    "spatial_equity_cv": 0.008402928349498838
  },
  "solve_times": [
    2365.1673793792725,
    3183.7165355682373,
    3510.899066925049,
    3324.3191242218018,
    3249.621629714966,
    3860.629081726074,
    4265.317440032959,
    5847.8264808654785,
    6768.45383644104,
    28020.139932632446,
    77479.23541069031,
    41218.20664405823,
    44944.2663192749,
    106877.01630592346,
    26415.947437286377,
    21400.25568008423,
    26978.403329849243,
    8150.6335735321045,
    18031.38518333435,
    34979.29859161377,
    16746.411561965942,
    3728.881597518921,
    14716.689109802246,
    64714.08128738403,
    50588.39201927185,
    2763.0584239959717,
    2966.3379192352295,
    16229.15005683899,
    20576.005220413208,
    24161.97681427002,
    19022.615909576416,
    66534.59858894348,
    7083.766460418701,
    6546.997547149658,
    6662.1198654174805,
    5013.2081508636475,
    3778.135299682617,
    4841.629505157471,
    5237.279176712036,
    11966.200590133667,
    54468.80102157593,
    28510.34116744995,
    23190.14620780945,
    10723.85549545288,
    23862.253665924072,
    5599.534511566162,
    18312.93225288391,
    21842.299222946167,
    14719.938039779663,
    21816.468238830566,
    25400.423288345337,
    3579.3514251708984,
    46485.827922821045,
    49193.91989707947,
    2014.784336090088,
    2209.904909133911,
    12242.322206497192,
    15420.71533203125,
    39357.16986656189,
    19695.305347442627,
    7705.089807510376,
    5565.84906578064,
    6675.174236297607,
    10381.60514831543,
    5298.747301101685,
    5433.711290359497,
    122061.88917160034,
    177182.09648132324,
    14199.704647064209,
    147370.86939811707,
    53439.15104866028,
    81952.81076431274,
    23443.864107131958,
    31053.35259437561,
    26894.161701202393,
    40618.65448951721,
    23862.54358291626,
    105930.67383766174,
    22229.223489761353,
    57560.36186218262,
    51780.11178970337,
    71218.18375587463,
    90046.12612724304,
    59912.65344619751,
    77441.32447242737,
    35898.36835861206,
    64807.66439437866,
    2163.7158393859863,
    17963.46664428711,
    63157.06372261047,
    22747.323036193848,
    67807.16586112976,
    41658.17403793335
  ],
  "solve_time_mean_ms": 31170.488644671696,
  "solve_time_max_ms": 177182.09648132324,
  "completed_at": "2026-05-08T09:01:52"
}