{
  "scenario": "wet",
  "year": 2024,
  "crop": "Rice",
  "controller": "mpc_perfect_Hp3",
  "runoff_mode": "cascade",
  "budget_total": 411.4,
  "ub_mm_per_day": 12.0,
  "season_days": 93,
  "N_agents": 130,
  "initial_x1": 140.0,
  "initial_x5": 0.0,
  "seed": 0,
  "forecast_horizon": 0,
  "wallclock_seconds": 52.033822774887085,
  "final_metrics": {
    "terminal_biomass_g_m2": 886.1150680814527,
    "yield_kg_ha": 3721.683285942101,
    "water_used_mm": 300.12543141272494,
    "wue_kg_ha_per_mm": 12.400426276519486,
    "budget_compliance": 1,
    "drought_days_per_agent": 30.846153846153847,
    "waterlog_days_per_agent": 20.1,
    "pond_days_per_agent": 0.0,
    "x5_max_mm": 0.0,
    "x5_mean_mm": 0.0,
    "spatial_equity_cv": 0.004041689313929445
  },
  "solve_times": [
    1081.421136856079,
    1001.6028881072998,
    281.65245056152344,
    245.87225914001465,
    263.2012367248535,
    258.8231563568115,
    338.33909034729004,
    300.4565238952637,
    326.98798179626465,
    254.68063354492188,
    273.82874488830566,
    242.0337200164795,
    270.05457878112793,
    238.71707916259766,
    260.8945369720459,
    246.15859985351562,
    242.74277687072754,
    336.2584114074707,
    342.01550483703613,
    248.6741542816162,
    253.6032199859619,
    242.34819412231445,
    331.91370964050293,
    316.1489963531494,
    232.4225902557373,
    269.2131996154785,
    272.7787494659424,
    3766.4954662323,
    1757.9026222229004,
    322.6432800292969,
    339.5111560821533,
    2156.459331512451,
    449.73278045654297,
    261.9783878326416,
    2688.068151473999,
    540.4300689697266,
    421.6315746307373,
    412.30249404907227,
    443.08924674987793,
    391.74437522888184,
    401.1702537536621,
    398.6854553222656,
    488.12055587768555,
    456.54821395874023,
    473.9193916320801,
    581.322193145752,
    1717.7882194519043,
    332.49497413635254,
    955.2276134490967,
    238.12294006347656,
    758.0339908599854,
    257.4939727783203,
    1276.7188549041748,
    1493.3557510375977,
    264.0225887298584,
    285.1595878601074,
    321.8851089477539,
    617.6669597625732,
    466.13621711730957,
    230.5316925048828,
    227.39815711975098,
    644.4897651672363,
    625.9047985076904,
    296.933650970459,
    423.98619651794434,
    406.3417911529541,
    426.58066749572754,
    601.442813873291,
    2919.39377784729,
    349.17163848876953,
    285.0496768951416,
    300.187349319458,
    295.78185081481934,
    313.3103847503662,
    434.0062141418457,
    565.5896663665771,
    406.03113174438477,
    422.15728759765625,
    359.3714237213135,
    1346.876859664917,
    2039.8664474487305,
    227.46968269348145,
    230.97896575927734,
    236.75894737243652,
    364.17150497436523,
    513.9451026916504,
    221.6634750366211,
    230.86071014404297,
    226.84502601623535,
    290.9109592437744,
    231.7638397216797,
    228.37162017822266,
    225.4006862640381
  ],
  "solve_time_mean_ms": 557.6155877882435,
  "solve_time_max_ms": 3766.4954662323,
  "completed_at": "2026-05-08T12:38:27"
}