{
  "scenario": "dry",
  "year": 2022,
  "crop": "Rice",
  "controller": "mpc_perfect_Hp8",
  "runoff_mode": "cascade",
  "budget_total": 484.0,
  "ub_mm_per_day": 12.0,
  "season_days": 93,
  "N_agents": 130,
  "initial_x1": 140.0,
  "initial_x5": 0.0,
  "seed": 0,
  "forecast_horizon": 0,
  "wallclock_seconds": 2648.855092048645,
  "final_metrics": {
    "terminal_biomass_g_m2": 986.9339508416496,
    "yield_kg_ha": 4145.1225935349285,
    "water_used_mm": 469.05470395112366,
    "wue_kg_ha_per_mm": 8.837183719975778,
    "budget_compliance": 1,
    "drought_days_per_agent": 8.3,
    "waterlog_days_per_agent": 0.8384615384615385,
    "pond_days_per_agent": 0.0,
    "x5_max_mm": 0.0,
    "x5_mean_mm": 0.0,
    "spatial_equity_cv": 0.0008739783104309714
  },
  "solve_times": [
    5895.141839981079,
    20603.83701324463,
    14786.418676376343,
    16150.383234024048,
    9048.40350151062,
    32624.17459487915,
    46554.98003959656,
    39956.979513168335,
    50309.35835838318,
    38436.74659729004,
    21149.781942367554,
    48356.91499710083,
    38781.50129318237,
    35378.467082977295,
    22709.177255630493,
    46030.391693115234,
    38477.44607925415,
    6525.559186935425,
    31822.14593887329,
    16695.584774017334,
    26129.672050476074,
    43612.71953582764,
    66888.94534111023,
    32443.344831466675,
    94319.72408294678,
    27448.605060577393,
    8412.030220031738,
    2657.6011180877686,
    4833.573579788208,
    12641.443967819214,
    3716.9547080993652,
    3167.559862136841,
    32906.6686630249,
    24748.757123947144,
    48498.777866363525,
    9583.33683013916,
    29966.56346321106,
    57375.17952919006,
    13338.000535964966,
    2511.0819339752197,
    12959.866523742676,
    34695.093393325806,
    31235.22424697876,
    3581.2790393829346,
    36640.26165008545,
    11838.531017303467,
    5538.251876831055,
    21832.4294090271,
    3065.8631324768066,
    8993.968486785889,
    34062.26301193237,
    20230.083465576172,
    2813.4565353393555,
    2491.992473602295,
    28123.295068740845,
    14798.255920410156,
    14577.548265457153,
    27323.34041595459,
    35924.479961395264,
    48718.13869476318,
    47340.17109870911,
    27876.471281051636,
    42847.140073776245,
    4717.604398727417,
    18494.962453842163,
    43190.98615646362,
    61656.099796295166,
    63793.34545135498,
    109460.40916442871,
    22483.55460166931,
    12585.421800613403,
    14939.726829528809,
    45800.113916397095,
    39466.33529663086,
    59650.87151527405,
    91524.87921714783,
    33086.18187904358,
    6806.417465209961,
    35598.71578216553,
    13549.882888793945,
    2305.3905963897705,
    15312.18695640564,
    13773.763418197632,
    17409.300327301025,
    76993.51668357849,
    25665.106058120728,
    44717.27538108826,
    26394.05584335327,
    13187.728881835938,
    18583.775758743286,
    23034.46054458618,
    23876.980543136597,
    27070.841550827026
  ],
  "solve_time_mean_ms": 28474.529356084844,
  "solve_time_max_ms": 109460.40916442871,
  "completed_at": "2026-05-08T06:34:10"
}