{
  "scenario": "moderate",
  "year": 2018,
  "crop": "Rice",
  "controller": "mpc_perfect_Hp8",
  "runoff_mode": "cascade",
  "budget_total": 484.0,
  "ub_mm_per_day": 12.0,
  "season_days": 93,
  "N_agents": 130,
  "initial_x1": 140.0,
  "initial_x5": 0.0,
  "seed": 0,
  "forecast_horizon": 0,
  "wallclock_seconds": 5109.670054197311,
  "final_metrics": {
    "terminal_biomass_g_m2": 885.3413488174299,
    "yield_kg_ha": 3718.4336650332057,
    "water_used_mm": 399.8458023215311,
    "wue_kg_ha_per_mm": 9.29966913105936,
    "budget_compliance": 1,
    "drought_days_per_agent": 16.161538461538463,
    "waterlog_days_per_agent": 5.7846153846153845,
    "pond_days_per_agent": 0.0,
    "x5_max_mm": 0.0,
    "x5_mean_mm": 0.0,
    "spatial_equity_cv": 0.0020205633542367853
  },
  "solve_times": [
    8658.854484558105,
    12279.645204544067,
    13300.707817077637,
    6672.375202178955,
    9011.870861053467,
    55634.65404510498,
    49059.293270111084,
    123846.44913673401,
    89537.10770606995,
    42826.741218566895,
    26502.659797668457,
    30514.097690582275,
    9209.124565124512,
    14547.446012496948,
    14812.737226486206,
    27744.76385116577,
    6536.016941070557,
    222470.50642967224,
    69126.57403945923,
    51948.24743270874,
    7852.781295776367,
    84459.20014381409,
    38498.21639060974,
    60650.90751647949,
    33275.301933288574,
    66942.49773025513,
    17539.57962989807,
    11453.494787216187,
    47525.53486824036,
    7985.443353652954,
    164084.2981338501,
    99733.67691040039,
    34800.80819129944,
    126294.41213607788,
    111548.24709892273,
    13804.903507232666,
    121958.6615562439,
    5897.493124008179,
    5322.256803512573,
    25714.82253074646,
    75684.66520309448,
    67972.41830825806,
    5084.993362426758,
    15210.565328598022,
    21788.005113601685,
    41865.31162261963,
    6276.730537414551,
    83435.66346168518,
    5062.206268310547,
    20720.234155654907,
    75553.62176895142,
    112208.37140083313,
    138465.14892578125,
    6681.042432785034,
    46761.51895523071,
    54484.65895652771,
    98483.76369476318,
    70509.81378555298,
    39769.06418800354,
    40527.095079422,
    6469.973564147949,
    42451.22003555298,
    45939.46862220764,
    84757.51829147339,
    41545.00389099121,
    15557.843923568726,
    17474.76053237915,
    75895.47491073608,
    46282.08017349243,
    86634.57250595093,
    57906.659841537476,
    40835.761308670044,
    68451.29680633545,
    22416.236877441406,
    16795.93563079834,
    33407.5813293457,
    30403.60164642334,
    104546.61631584167,
    20548.86555671692,
    18872.809886932373,
    233916.5813922882,
    206798.6786365509,
    192417.24729537964,
    17671.08392715454,
    94774.03998374939,
    76499.41778182983,
    86525.41923522949,
    22752.76494026184,
    11540.8034324646,
    53495.57328224182,
    65339.343309402466,
    81629.0967464447,
    92168.94435882568
  ],
  "solve_time_mean_ms": 54933.86644189076,
  "solve_time_max_ms": 233916.5813922882,
  "completed_at": "2026-05-13T09:31:25"
}