{
  "scenario": "wet",
  "year": 2024,
  "crop": "Rice",
  "controller": "mpc_perfect_Hp8",
  "runoff_mode": "cascade",
  "budget_total": 484.0,
  "ub_mm_per_day": 12.0,
  "season_days": 93,
  "N_agents": 130,
  "initial_x1": 140.0,
  "initial_x5": 0.0,
  "seed": 0,
  "forecast_horizon": 0,
  "wallclock_seconds": 2584.5683782100677,
  "final_metrics": {
    "terminal_biomass_g_m2": 894.9307560723219,
    "yield_kg_ha": 3758.709175503752,
    "water_used_mm": 310.22050072995296,
    "wue_kg_ha_per_mm": 12.116250108098786,
    "budget_compliance": 1,
    "drought_days_per_agent": 11.846153846153847,
    "waterlog_days_per_agent": 18.953846153846154,
    "pond_days_per_agent": 0.0,
    "x5_max_mm": 0.0,
    "x5_mean_mm": 0.0,
    "spatial_equity_cv": 0.00561134233025827
  },
  "solve_times": [
    2396.7654705047607,
    3279.686689376831,
    3284.4533920288086,
    3253.4940242767334,
    3221.10652923584,
    4048.6929416656494,
    4444.81635093689,
    4127.811431884766,
    3184.6518516540527,
    11064.47696685791,
    9705.008029937744,
    52384.43303108215,
    25455.13916015625,
    13095.14832496643,
    3716.480493545532,
    6352.2629737854,
    2644.10400390625,
    35364.33148384094,
    7774.613857269287,
    28598.328590393066,
    23369.307041168213,
    6506.340980529785,
    34967.76485443115,
    3051.990032196045,
    74487.92695999146,
    70819.42486763,
    5878.8464069366455,
    2670.656204223633,
    35034.552574157715,
    13826.086044311523,
    17347.92399406433,
    25372.447967529297,
    12393.015146255493,
    6093.84822845459,
    5886.868000030518,
    3311.379909515381,
    3766.5133476257324,
    5405.2414894104,
    8175.616025924683,
    5095.072984695435,
    11980.680465698242,
    8483.454704284668,
    4376.885175704956,
    12161.041021347046,
    3068.0482387542725,
    12904.841899871826,
    31082.386016845703,
    53015.4972076416,
    18855.32784461975,
    5141.700506210327,
    8532.537698745728,
    27200.30379295349,
    22555.843830108643,
    39078.64785194397,
    19209.499835968018,
    20155.940771102905,
    44465.60764312744,
    23563.352584838867,
    29149.94478225708,
    30365.93008041382,
    27077.840328216553,
    15372.113227844238,
    11457.184791564941,
    88111.59205436707,
    161075.09756088257,
    186117.21467971802,
    60692.12818145752,
    110529.25515174866,
    105977.87690162659,
    5085.792064666748,
    8754.981756210327,
    38064.30435180664,
    6798.996686935425,
    22008.325815200806,
    12879.243850708008,
    15662.16230392456,
    33726.28974914551,
    5079.008102416992,
    45730.14855384827,
    84793.06769371033,
    75923.31910133362,
    65414.8530960083,
    43859.315633773804,
    45303.664207458496,
    42349.40004348755,
    48930.33671379089,
    2994.323492050171,
    18320.504188537598,
    46698.853731155396,
    17267.157554626465,
    16442.07262992859,
    60342.88477897644,
    39359.53950881958
  ],
  "solve_time_mean_ms": 27789.279022524435,
  "solve_time_max_ms": 186117.21467971802,
  "completed_at": "2026-05-08T08:13:08"
}