{
  "scenario": "dry",
  "year": 2022,
  "crop": "Rice",
  "controller": "mpc_perfect_Hp8",
  "runoff_mode": "cascade",
  "budget_total": 484.0,
  "ub_mm_per_day": 12.0,
  "season_days": 93,
  "N_agents": 130,
  "initial_x1": 140.0,
  "initial_x5": 0.0,
  "seed": 0,
  "forecast_horizon": 0,
  "wallclock_seconds": 2374.730305671692,
  "final_metrics": {
    "terminal_biomass_g_m2": 993.4766104809149,
    "yield_kg_ha": 4172.601764019842,
    "water_used_mm": 471.3625933456391,
    "wue_kg_ha_per_mm": 8.852212337011164,
    "budget_compliance": 1,
    "drought_days_per_agent": 13.353846153846154,
    "waterlog_days_per_agent": 1.146153846153846,
    "sink_pond_days": 0.0,
    "sink_x5_max_mm": 0.0,
    "spatial_equity_cv": 0.0012106767280275525
  },
  "solve_times": [
    2472.7697372436523,
    2369.919538497925,
    3975.3379821777344,
    24661.689043045044,
    30731.360912322998,
    5697.854042053223,
    8451.183319091797,
    6238.297462463379,
    2029.118537902832,
    11289.752960205078,
    18701.918601989746,
    33929.47959899902,
    24008.22615623474,
    12357.280492782593,
    2089.6317958831787,
    4240.257501602173,
    18476.066827774048,
    9113.426208496094,
    3060.8584880828857,
    4690.773487091064,
    16143.674612045288,
    19123.409032821655,
    21757.79676437378,
    81086.50946617126,
    9302.967071533203,
    2432.3976039886475,
    3472.893476486206,
    3234.499216079712,
    3975.8262634277344,
    2935.72735786438,
    14361.98902130127,
    2671.088933944702,
    18837.75281906128,
    2800.0428676605225,
    2130.864143371582,
    2273.1001377105713,
    3311.4964962005615,
    2698.148012161255,
    11668.772459030151,
    26459.364652633667,
    60894.38247680664,
    15167.768478393555,
    29069.40746307373,
    2434.1790676116943,
    6246.854782104492,
    8334.060430526733,
    3408.0166816711426,
    4090.593099594116,
    11123.719453811646,
    2370.692253112793,
    2109.8484992980957,
    5731.422185897827,
    2021.0881233215332,
    47030.51161766052,
    14838.589429855347,
    2097.022533416748,
    2255.378007888794,
    3001.7409324645996,
    24557.42311477661,
    32966.357707977295,
    3495.1047897338867,
    71154.45566177368,
    13156.739234924316,
    53303.14874649048,
    69862.60843276978,
    42677.19578742981,
    83106.36854171753,
    3683.0239295959473,
    211103.92308235168,
    39165.9152507782,
    57113.99531364441,
    128160.88104248047,
    92073.82559776306,
    88250.75221061707,
    4444.109916687012,
    42255.56778907776,
    145633.88681411743,
    24950.018167495728,
    4691.201686859131,
    13448.687553405762,
    27005.067586898804,
    3863.9681339263916,
    4507.053375244141,
    52110.992670059204,
    18891.008615493774,
    48621.378898620605,
    37306.108713150024,
    42912.715911865234,
    92676.77283287048,
    5225.376605987549,
    26937.172889709473,
    34472.52559661865,
    29229.204893112183
  ],
  "solve_time_mean_ms": 25532.29393241226,
  "solve_time_max_ms": 211103.92308235168,
  "completed_at": "2026-04-26T20:11:09"
}