{
  "scenario": "dry",
  "year": 2022,
  "crop": "Rice",
  "controller": "mpc_perfect_Hp8",
  "runoff_mode": "cascade",
  "budget_total": 484.0,
  "ub_mm_per_day": 12.0,
  "season_days": 93,
  "N_agents": 130,
  "initial_x1": 140.0,
  "initial_x5": 0.0,
  "seed": 0,
  "forecast_horizon": 0,
  "wallclock_seconds": 1958.898781299591,
  "final_metrics": {
    "terminal_biomass_g_m2": 999.0697268314522,
    "yield_kg_ha": 4196.092852692099,
    "water_used_mm": 474.97102094280837,
    "wue_kg_ha_per_mm": 8.834418664875459,
    "budget_compliance": 1,
    "drought_days_per_agent": 4.7153846153846155,
    "waterlog_days_per_agent": 5.615384615384615,
    "pond_days_per_agent": 0.0,
    "x5_max_mm": 0.0,
    "x5_mean_mm": 0.0,
    "spatial_equity_cv": 0.0014729597651372082
  },
  "solve_times": [
    2410.2439880371094,
    2071.747064590454,
    2823.2038021087646,
    4592.634439468384,
    40444.445848464966,
    3457.8943252563477,
    25415.390014648438,
    13929.847955703735,
    12979.817152023315,
    18221.53401374817,
    3455.0294876098633,
    17290.129899978638,
    5320.085287094116,
    6525.000095367432,
    16584.702014923096,
    2613.320827484131,
    3840.066909790039,
    21368.22199821472,
    13517.6362991333,
    21777.982711791992,
    3865.262985229492,
    1876.6558170318604,
    39729.9439907074,
    11228.281736373901,
    9890.11025428772,
    2656.3596725463867,
    31489.927053451538,
    5779.675483703613,
    13135.299444198608,
    10917.772769927979,
    13327.393531799316,
    15589.983940124512,
    49583.68468284607,
    16507.405996322632,
    6781.914710998535,
    2003.8387775421143,
    2426.9587993621826,
    2355.2169799804688,
    15553.069591522217,
    33341.84527397156,
    19728.99580001831,
    29378.708124160767,
    32016.49498939514,
    3252.430200576782,
    2756.9432258605957,
    3179.966449737549,
    22202.619791030884,
    13271.349668502808,
    17868.09515953064,
    15298.449039459229,
    28343.54829788208,
    5658.950328826904,
    7269.3047523498535,
    1866.5802478790283,
    2521.1822986602783,
    2296.956777572632,
    23594.07067298889,
    2909.679412841797,
    23044.83652114868,
    18546.69189453125,
    23571.30265235901,
    107447.40748405457,
    13130.1589012146,
    65709.74731445312,
    48190.675258636475,
    137811.03587150574,
    3479.614734649658,
    54979.190826416016,
    69941.92624092102,
    1864.9003505706787,
    2140.27738571167,
    26540.961742401123,
    46340.110778808594,
    105755.48315048218,
    29611.801624298096,
    44009.90986824036,
    71335.00456809998,
    12180.216550827026,
    109187.54410743713,
    16770.062685012817,
    9606.849431991577,
    3903.7680625915527,
    23263.02146911621,
    8397.565126419067,
    17859.893798828125,
    5365.056753158569,
    19844.784021377563,
    3077.2180557250977,
    20551.347494125366,
    4547.812938690186,
    13115.703821182251,
    31470.704555511475,
    5956.6330909729
  ],
  "solve_time_mean_ms": 21060.678279528052,
  "solve_time_max_ms": 137811.03587150574,
  "completed_at": "2026-05-03T22:46:35"
}