{
  "scenario": "wet",
  "year": 2024,
  "crop": "Rice",
  "controller": "mpc_perfect_Hp8",
  "runoff_mode": "cascade",
  "budget_total": 338.79999999999995,
  "ub_mm_per_day": 12.0,
  "season_days": 93,
  "N_agents": 130,
  "initial_x1": 140.0,
  "initial_x5": 0.0,
  "seed": 0,
  "forecast_horizon": 0,
  "wallclock_seconds": 3057.6820571422577,
  "final_metrics": {
    "terminal_biomass_g_m2": 893.7479347623857,
    "yield_kg_ha": 3753.7413260020203,
    "water_used_mm": 307.8017990945232,
    "wue_kg_ha_per_mm": 12.195319640900735,
    "budget_compliance": 1,
    "drought_days_per_agent": 10.676923076923076,
    "waterlog_days_per_agent": 18.16923076923077,
    "pond_days_per_agent": 0.0,
    "x5_max_mm": 0.0,
    "x5_mean_mm": 0.0,
    "spatial_equity_cv": 0.005005858895610461
  },
  "solve_times": [
    2324.3627548217773,
    3442.805051803589,
    3546.4417934417725,
    3298.095703125,
    3205.5716514587402,
    4165.756940841675,
    4347.362518310547,
    21226.9229888916,
    3334.4686031341553,
    29779.10542488098,
    53967.48328208923,
    30510.508060455322,
    16998.929500579834,
    27662.72783279419,
    2463.003396987915,
    59933.915853500366,
    74674.77488517761,
    32644.657850265503,
    14534.04951095581,
    99109.82489585876,
    7920.349597930908,
    3065.7286643981934,
    26548.58946800232,
    19021.53515815735,
    43925.97246170044,
    2077.253580093384,
    17880.40828704834,
    3105.895757675171,
    2920.7417964935303,
    61415.62366485596,
    17427.03127861023,
    30195.902109146118,
    10782.727718353271,
    12297.400712966919,
    5607.682228088379,
    4302.344799041748,
    4613.553762435913,
    4361.730098724365,
    4641.1452293396,
    20941.89167022705,
    12856.927156448364,
    7782.109260559082,
    5995.652914047241,
    20928.271770477295,
    16539.565801620483,
    6460.583686828613,
    5760.144472122192,
    20998.1791973114,
    15050.710201263428,
    2830.368757247925,
    19741.376399993896,
    2969.3284034729004,
    29939.076900482178,
    22141.896963119507,
    17194.63086128235,
    24507.65633583069,
    11334.169626235962,
    12306.874752044678,
    19357.879400253296,
    18398.585081100464,
    5542.142868041992,
    19923.287630081177,
    41930.617332458496,
    255908.22625160217,
    143545.79997062683,
    40673.46119880676,
    176676.27429962158,
    274070.78194618225,
    3345.319986343384,
    5523.725509643555,
    6435.468435287476,
    8589.543342590332,
    14876.468420028687,
    23686.596632003784,
    41044.34895515442,
    7366.363525390625,
    15753.276348114014,
    85445.66774368286,
    71043.73335838318,
    29908.89859199524,
    44026.520013809204,
    113028.21493148804,
    59253.660917282104,
    40279.98733520508,
    60068.23229789734,
    31370.18585205078,
    161402.3413658142,
    43991.85585975647,
    25387.496948242188,
    80669.31104660034,
    19904.62327003479,
    16352.623701095581,
    3114.893674850464
  ],
  "solve_time_mean_ms": 32875.89477467281,
  "solve_time_max_ms": 274070.78194618225,
  "completed_at": "2026-05-08T09:53:15"
}