{
  "scenario": "dry",
  "year": 2022,
  "crop": "Rice",
  "controller": "mpc_perfect_Hp8",
  "runoff_mode": "cascade",
  "budget_total": 411.4,
  "ub_mm_per_day": 12.0,
  "season_days": 93,
  "N_agents": 130,
  "initial_x1": 140.0,
  "initial_x5": 0.0,
  "seed": 0,
  "forecast_horizon": 0,
  "wallclock_seconds": 2127.8696036338806,
  "final_metrics": {
    "terminal_biomass_g_m2": 975.0499892481872,
    "yield_kg_ha": 4095.2099548423857,
    "water_used_mm": 410.0228663261272,
    "wue_kg_ha_per_mm": 9.987759930406188,
    "budget_compliance": 1,
    "drought_days_per_agent": 16.46923076923077,
    "waterlog_days_per_agent": 1.2538461538461538,
    "pond_days_per_agent": 0.0,
    "x5_max_mm": 0.0,
    "x5_mean_mm": 0.0,
    "spatial_equity_cv": 0.0008450930937321683
  },
  "solve_times": [
    2584.498643875122,
    2500.9331703186035,
    7755.86462020874,
    8066.677093505859,
    9053.11131477356,
    16638.859033584595,
    13445.949077606201,
    17550.967931747437,
    38967.63896942139,
    19805.8078289032,
    19821.959257125854,
    25943.782567977905,
    15756.890296936035,
    4740.868091583252,
    8971.6055393219,
    14704.05888557434,
    16654.378414154053,
    37851.426124572754,
    2945.4944133758545,
    4586.465835571289,
    2649.98459815979,
    21485.22901535034,
    8927.55675315857,
    63066.226959228516,
    15208.611488342285,
    20783.607006072998,
    18521.86346054077,
    4970.237493515015,
    3647.7715969085693,
    2758.774518966675,
    8894.590139389038,
    1865.8058643341064,
    9308.806896209717,
    1847.137212753296,
    2481.645107269287,
    2301.0964393615723,
    34782.60040283203,
    6436.793088912964,
    16419.512271881104,
    12055.992841720581,
    32421.85068130493,
    18764.081478118896,
    20292.235136032104,
    4497.7827072143555,
    1933.0499172210693,
    2858.2541942596436,
    21677.0076751709,
    11725.79836845398,
    6064.285755157471,
    4212.626218795776,
    19635.001182556152,
    3307.2850704193115,
    3377.516984939575,
    9476.304531097412,
    14634.514331817627,
    3589.3752574920654,
    7194.2033767700195,
    13444.294691085815,
    33074.09143447876,
    34016.99948310852,
    82462.22162246704,
    16935.094356536865,
    143370.42379379272,
    54279.58178520203,
    253940.61183929443,
    295997.9021549225,
    66664.75749015808,
    64855.56077957153,
    83575.30283927917,
    20678.16925048828,
    5474.424600601196,
    45495.57971954346,
    6036.146879196167,
    41786.26775741577,
    31421.491861343384,
    4133.774280548096,
    6826.199531555176,
    18761.711835861206,
    22695.462226867676,
    14570.489168167114,
    13537.655353546143,
    2001.8768310546875,
    1669.1412925720215,
    1626.518726348877,
    1622.6253509521484,
    1625.7762908935547,
    1639.815092086792,
    1712.8512859344482,
    2286.4387035369873,
    1815.293550491333,
    1696.0830688476562,
    1614.8710250854492,
    1832.8449726104736
  ],
  "solve_time_mean_ms": 22877.425850078624,
  "solve_time_max_ms": 295997.9021549225,
  "completed_at": "2026-04-27T19:23:38"
}