{
  "scenario": "wet",
  "year": 2024,
  "crop": "Rice",
  "controller": "mpc_perfect_Hp14",
  "runoff_mode": "cascade",
  "budget_total": 484.0,
  "ub_mm_per_day": 12.0,
  "season_days": 93,
  "N_agents": 130,
  "initial_x1": 140.0,
  "initial_x5": 0.0,
  "seed": 0,
  "forecast_horizon": 0,
  "wallclock_seconds": 15982.380383253098,
  "final_metrics": {
    "terminal_biomass_g_m2": 896.6713026969687,
    "yield_kg_ha": 3766.0194713272685,
    "water_used_mm": 321.074780970523,
    "wue_kg_ha_per_mm": 11.729415371533078,
    "budget_compliance": 1,
    "drought_days_per_agent": 9.376923076923077,
    "waterlog_days_per_agent": 22.376923076923077,
    "pond_days_per_agent": 0.0,
    "x5_max_mm": 0.0,
    "x5_mean_mm": 0.0,
    "spatial_equity_cv": 0.006649786719543641
  },
  "solve_times": [
    176043.90478134155,
    87248.15821647644,
    187662.89687156677,
    110078.66144180298,
    137104.81786727905,
    9865.803241729736,
    16487.369775772095,
    50879.19020652771,
    201573.31013679504,
    14304.405212402344,
    11554.07738685608,
    17199.6431350708,
    133940.17672538757,
    56200.281858444214,
    57959.57136154175,
    24627.77352333069,
    27264.371156692505,
    67804.81219291687,
    98099.59936141968,
    50191.51258468628,
    104732.84840583801,
    58853.26886177063,
    19752.43878364563,
    112595.54934501648,
    11241.652965545654,
    185240.87381362915,
    228677.39415168762,
    286253.5545825958,
    127586.90977096558,
    125676.94354057312,
    148799.1337776184,
    90867.46859550476,
    134238.97075653076,
    26217.020273208618,
    36419.047594070435,
    18169.612169265747,
    68679.05497550964,
    139774.56855773926,
    68007.61198997498,
    104505.7487487793,
    112078.76539230347,
    15307.510137557983,
    103207.89098739624,
    12666.938543319702,
    133365.16284942627,
    96395.63012123108,
    116857.36012458801,
    56924.23152923584,
    74638.60177993774,
    161582.3564529419,
    11417.71650314331,
    149792.11258888245,
    39725.06833076477,
    50663.87581825256,
    148184.70430374146,
    78349.00689125061,
    336433.5706233978,
    62376.30319595337,
    757211.4672660828,
    767886.105298996,
    970864.7038936615,
    115749.17078018188,
    130865.15259742737,
    848707.5781822205,
    173390.50602912903,
    89495.17798423767,
    59438.01712989807,
    325599.1711616516,
    90644.12069320679,
    34365.28301239014,
    277896.15774154663,
    329921.2121963501,
    492804.9566745758,
    105773.15378189087,
    82983.1132888794,
    193732.60021209717,
    233486.52529716492,
    285693.5861110687,
    232070.9023475647,
    291646.34704589844,
    176422.5926399231,
    259824.34797286987,
    505391.4728164673,
    491251.23047828674,
    409756.76822662354,
    213871.26064300537,
    335827.8486728668,
    426354.20513153076,
    272889.29653167725,
    213470.26371955872,
    106274.13201332092,
    210118.75295639038,
    78035.79354286194
  ],
  "solve_time_mean_ms": 171850.1052574445,
  "solve_time_max_ms": 970864.7038936615,
  "completed_at": "2026-05-06T20:09:03"
}