{
  "scenario": "wet",
  "year": 2024,
  "crop": "Rice",
  "controller": "mpc_perfect_Hp3",
  "runoff_mode": "cascade",
  "budget_total": 338.79999999999995,
  "ub_mm_per_day": 12.0,
  "season_days": 93,
  "N_agents": 130,
  "initial_x1": 140.0,
  "initial_x5": 0.0,
  "seed": 0,
  "forecast_horizon": 0,
  "wallclock_seconds": 76.34073305130005,
  "final_metrics": {
    "terminal_biomass_g_m2": 887.3587187365026,
    "yield_kg_ha": 3726.906618693311,
    "water_used_mm": 300.198910613358,
    "wue_kg_ha_per_mm": 12.414790616923291,
    "budget_compliance": 1,
    "drought_days_per_agent": 27.623076923076923,
    "waterlog_days_per_agent": 19.976923076923075,
    "pond_days_per_agent": 0.0,
    "x5_max_mm": 0.0,
    "x5_mean_mm": 0.0,
    "spatial_equity_cv": 0.003680843162440636
  },
  "solve_times": [
    937.53981590271,
    379.5666694641113,
    391.79229736328125,
    341.71605110168457,
    380.7833194732666,
    380.83934783935547,
    460.18481254577637,
    452.9685974121094,
    390.66219329833984,
    337.7382755279541,
    355.3147315979004,
    283.3244800567627,
    364.03489112854004,
    264.5699977874756,
    277.3294448852539,
    289.6137237548828,
    291.83363914489746,
    401.7617702484131,
    418.5924530029297,
    309.74745750427246,
    354.02822494506836,
    273.99420738220215,
    543.9310073852539,
    4362.667560577393,
    2036.1323356628418,
    2133.012056350708,
    458.94718170166016,
    686.4664554595947,
    2085.9577655792236,
    1350.5818843841553,
    310.20379066467285,
    404.82282638549805,
    381.27827644348145,
    399.39045906066895,
    456.0275077819824,
    876.4760494232178,
    594.6662425994873,
    533.210039138794,
    622.7385997772217,
    559.8340034484863,
    598.1733798980713,
    590.7881259918213,
    597.39089012146,
    577.2073268890381,
    654.7064781188965,
    670.9232330322266,
    1386.673927307129,
    970.3738689422607,
    310.7151985168457,
    3486.2868785858154,
    476.7193794250488,
    431.68020248413086,
    1176.234245300293,
    311.60974502563477,
    1066.1182403564453,
    380.9239864349365,
    1806.1134815216064,
    2793.7283515930176,
    675.5609512329102,
    284.43264961242676,
    295.7484722137451,
    1693.483829498291,
    1425.8811473846436,
    352.3855209350586,
    1096.5242385864258,
    522.9694843292236,
    581.5327167510986,
    707.7145576477051,
    1625.5466938018799,
    491.32513999938965,
    401.0462760925293,
    414.6296977996826,
    393.5656547546387,
    379.7342777252197,
    593.8026905059814,
    936.6447925567627,
    558.286190032959,
    479.44092750549316,
    477.3373603820801,
    391.9692039489746,
    1537.1055603027344,
    293.38669776916504,
    305.3712844848633,
    349.34544563293457,
    3440.288782119751,
    343.28508377075195,
    298.30265045166016,
    398.10681343078613,
    410.264253616333,
    328.9060592651367,
    7663.495302200317,
    295.4130172729492,
    327.04997062683105
  ],
  "solve_time_mean_ms": 819.2530191072854,
  "solve_time_max_ms": 7663.495302200317,
  "completed_at": "2026-05-08T12:39:50"
}