{
  "scenario": "dry",
  "year": 2022,
  "crop": "Rice",
  "controller": "mpc_perfect_Hp8",
  "runoff_mode": "cascade",
  "budget_total": 411.4,
  "ub_mm_per_day": 12.0,
  "season_days": 93,
  "N_agents": 130,
  "initial_x1": 140.0,
  "initial_x5": 0.0,
  "seed": 0,
  "forecast_horizon": 0,
  "wallclock_seconds": 1963.4786262512207,
  "final_metrics": {
    "terminal_biomass_g_m2": 968.8367476455583,
    "yield_kg_ha": 4069.114340111345,
    "water_used_mm": 409.9455327168609,
    "wue_kg_ha_per_mm": 9.925987760236872,
    "budget_compliance": 1,
    "drought_days_per_agent": 16.476923076923075,
    "waterlog_days_per_agent": 0.2692307692307692,
    "pond_days_per_agent": 0.0,
    "x5_max_mm": 0.0,
    "x5_mean_mm": 0.0,
    "spatial_equity_cv": 0.0015802246774398727
  },
  "solve_times": [
    3885.551929473877,
    15219.38681602478,
    12897.732734680176,
    9780.282258987427,
    7002.058267593384,
    20816.330432891846,
    8320.073366165161,
    18137.34245300293,
    13861.919164657593,
    7692.112922668457,
    11833.441972732544,
    17714.221239089966,
    22864.848613739014,
    3476.789951324463,
    12518.524169921875,
    13657.166481018066,
    21776.297092437744,
    18010.592699050903,
    2452.3258209228516,
    24786.099195480347,
    44605.024337768555,
    6873.613357543945,
    16256.735801696777,
    28227.7672290802,
    21660.70604324341,
    21012.025833129883,
    20065.292835235596,
    36860.17465591431,
    72465.06309509277,
    84698.17590713501,
    14396.296501159668,
    10881.75630569458,
    16378.178358078003,
    6960.118293762207,
    24206.06231689453,
    18426.565408706665,
    8585.562467575073,
    34503.73721122742,
    2595.4833030700684,
    37655.2848815918,
    10849.649429321289,
    32514.456748962402,
    5534.993410110474,
    8572.867393493652,
    4638.339996337891,
    23191.45393371582,
    3508.467435836792,
    3150.7089138031006,
    27253.73387336731,
    19434.05055999756,
    3915.437936782837,
    1548.8998889923096,
    22982.86747932434,
    25547.364473342896,
    1692.7382946014404,
    2170.8109378814697,
    30173.29454421997,
    22970.216989517212,
    24519.194841384888,
    8167.045116424561,
    43408.50329399109,
    33025.156021118164,
    83374.78756904602,
    65634.56416130066,
    52299.84378814697,
    64137.120485305786,
    29150.974988937378,
    73232.72013664246,
    74249.26900863647,
    18564.493417739868,
    31354.444980621338,
    6427.341938018799,
    51613.30318450928,
    19489.331245422363,
    26307.111978530884,
    19728.774785995483,
    1773.003339767456,
    46019.731283187866,
    113273.934841156,
    10097.522497177124,
    3518.7315940856934,
    3484.511375427246,
    2072.1778869628906,
    1463.4358882904053,
    1444.7987079620361,
    1442.4693584442139,
    1496.43874168396,
    1523.4873294830322,
    1482.2354316711426,
    1526.7465114593506,
    1503.2415390014648,
    1447.1988677978516,
    1413.9127731323242
  ],
  "solve_time_mean_ms": 21111.125084661668,
  "solve_time_max_ms": 113273.934841156,
  "completed_at": "2026-05-08T07:07:16"
}