{
  "scenario": "dry",
  "year": 2022,
  "crop": "Rice",
  "controller": "mpc_perfect_Hp3",
  "runoff_mode": "cascade",
  "budget_total": 338.79999999999995,
  "ub_mm_per_day": 12.0,
  "season_days": 93,
  "N_agents": 130,
  "initial_x1": 140.0,
  "initial_x5": 0.0,
  "seed": 0,
  "forecast_horizon": 0,
  "wallclock_seconds": 92.61015248298645,
  "final_metrics": {
    "terminal_biomass_g_m2": 897.787598752668,
    "yield_kg_ha": 3770.7079147612058,
    "water_used_mm": 338.7999658914632,
    "wue_kg_ha_per_mm": 11.129599452112037,
    "budget_compliance": 1,
    "drought_days_per_agent": 50.5,
    "waterlog_days_per_agent": 0.0,
    "pond_days_per_agent": 0.0,
    "x5_max_mm": 0.0,
    "x5_mean_mm": 0.0,
    "spatial_equity_cv": 0.0014430627673231498
  },
  "solve_times": [
    1092.6098823547363,
    402.660608291626,
    416.05520248413086,
    417.80996322631836,
    486.91439628601074,
    283.25700759887695,
    306.7963123321533,
    456.0985565185547,
    342.49114990234375,
    342.6070213317871,
    372.5171089172363,
    275.78139305114746,
    485.3479862213135,
    378.25918197631836,
    476.34387016296387,
    2008.843183517456,
    501.0387897491455,
    1541.701078414917,
    497.12157249450684,
    1010.1487636566162,
    332.5016498565674,
    2389.256238937378,
    294.0194606781006,
    4027.6169776916504,
    301.344633102417,
    1552.643060684204,
    2526.414155960083,
    329.1938304901123,
    1926.0838031768799,
    5237.195730209351,
    1698.2061862945557,
    5296.562433242798,
    845.299243927002,
    1439.6708011627197,
    1207.4916362762451,
    392.22049713134766,
    409.37018394470215,
    936.9697570800781,
    596.6248512268066,
    535.5703830718994,
    285.4011058807373,
    1534.3430042266846,
    2783.05983543396,
    414.46495056152344,
    360.19158363342285,
    470.42083740234375,
    343.3797359466553,
    2927.086353302002,
    406.69894218444824,
    1111.487627029419,
    1462.454080581665,
    2661.9184017181396,
    5569.677114486694,
    812.4704360961914,
    300.60529708862305,
    749.1838932037354,
    300.734281539917,
    281.1436653137207,
    5227.684259414673,
    2338.003396987915,
    875.9124279022217,
    1278.4059047698975,
    1839.2455577850342,
    691.9007301330566,
    644.6459293365479,
    627.9115676879883,
    437.01648712158203,
    439.974308013916,
    1145.6773281097412,
    327.33631134033203,
    258.94689559936523,
    263.0290985107422,
    253.11517715454102,
    262.07423210144043,
    225.80289840698242,
    250.58436393737793,
    305.469274520874,
    319.60415840148926,
    429.46648597717285,
    421.1616516113281,
    422.3594665527344,
    427.93750762939453,
    625.1444816589355,
    684.4291687011719,
    409.61623191833496,
    401.2305736541748,
    414.3369197845459,
    438.3833408355713,
    498.8081455230713,
    502.46429443359375,
    499.97520446777344,
    570.5361366271973,
    585.2839946746826
  ],
  "solve_time_mean_ms": 994.482296769337,
  "solve_time_max_ms": 5569.677114486694,
  "completed_at": "2026-05-08T12:36:05"
}