{
  "scenario": "moderate",
  "year": 2018,
  "crop": "Rice",
  "controller": "mpc_perfect_Hp14",
  "runoff_mode": "cascade",
  "budget_total": 411.4,
  "ub_mm_per_day": 12.0,
  "season_days": 93,
  "N_agents": 130,
  "initial_x1": 140.0,
  "initial_x5": 0.0,
  "seed": 0,
  "forecast_horizon": 0,
  "wallclock_seconds": 107937.39302539825,
  "final_metrics": {
    "terminal_biomass_g_m2": 887.2068579463382,
    "yield_kg_ha": 3726.268803374621,
    "water_used_mm": 396.94275581778584,
    "wue_kg_ha_per_mm": 9.387421104833418,
    "budget_compliance": 1,
    "drought_days_per_agent": 15.484615384615385,
    "waterlog_days_per_agent": 5.430769230769231,
    "pond_days_per_agent": 0.0,
    "x5_max_mm": 0.0,
    "x5_mean_mm": 0.0,
    "spatial_equity_cv": 0.0038613605845573312
  },
  "solve_times": [
    281657.5720310211,
    500324.59473609924,
    88955.03687858582,
    245254.51707839966,
    420731.86564445496,
    6878781.561136246,
    343919.9402332306,
    104228.60479354858,
    41190605.12328148,
    4251246.191501617,
    35532849.08771515,
    290031.9354534149,
    153978.86991500854,
    378466.15719795227,
    762441.0276412964,
    80043.91980171204,
    95406.5842628479,
    374597.375869751,
    81640.18130302429,
    101630.63764572144,
    276893.69082450867,
    223469.76923942566,
    654142.1020030975,
    424771.0180282593,
    23266.93058013916,
    59569.889545440674,
    1345478.520154953,
    21931.432008743286,
    3393394.5972919464,
    1148668.853521347,
    654713.9523029327,
    287565.35267829895,
    18356.987237930298,
    218314.60213661194,
    11998.449087142944,
    96965.69466590881,
    8319.335460662842,
    12951.167106628418,
    213107.91659355164,
    8241.211414337158,
    30080.2960395813,
    243917.76156425476,
    89460.14022827148,
    13879.911422729492,
    59942.15130805969,
    202332.5629234314,
    177770.78866958618,
    69330.0473690033,
    20692.83676147461,
    22806.428909301758,
    18490.758419036865,
    92788.36727142334,
    88837.30578422546,
    19252.795219421387,
    104830.37161827087,
    94609.83467102051,
    107162.72330284119,
    71443.13073158264,
    219333.21809768677,
    701054.3246269226,
    296297.50418663025,
    380373.59380722046,
    145067.78621673584,
    71579.14662361145,
    84889.28389549255,
    37055.10926246643,
    26737.435340881348,
    26720.070123672485,
    38590.643644332886,
    120671.32449150085,
    75741.73402786255,
    74907.56750106812,
    168853.1641960144,
    33969.24376487732,
    80405.49349784851,
    34168.96057128906,
    33822.099685668945,
    144645.12133598328,
    53521.392583847046,
    95011.68251037598,
    101938.35210800171,
    193259.09161567688,
    506097.55539894104,
    360622.2596168518,
    336571.20847702026,
    316216.7410850525,
    8971.851825714111,
    153222.5022315979,
    48186.24520301819,
    47079.660415649414,
    26239.386081695557,
    52563.8222694397,
    55915.6174659729
  ],
  "solve_time_mean_ms": 1160611.189914006,
  "solve_time_max_ms": 41190605.12328148,
  "completed_at": "2026-05-16T05:23:36"
}