{
  "scenario": "dry",
  "year": 2022,
  "crop": "Rice",
  "controller": "mpc_perfect_Hp8",
  "runoff_mode": "cascade",
  "budget_total": 484.0,
  "ub_mm_per_day": 12.0,
  "season_days": 93,
  "N_agents": 130,
  "initial_x1": 140.0,
  "initial_x5": 0.0,
  "seed": 0,
  "forecast_horizon": 0,
  "wallclock_seconds": 2226.0604796409607,
  "final_metrics": {
    "terminal_biomass_g_m2": 1002.0109151476931,
    "yield_kg_ha": 4208.445843620311,
    "water_used_mm": 477.04586397351136,
    "wue_kg_ha_per_mm": 8.82188938515562,
    "budget_compliance": 1,
    "drought_days_per_agent": 5.415384615384616,
    "waterlog_days_per_agent": 1.6153846153846154,
    "pond_days_per_agent": 0.0,
    "x5_max_mm": 0.0,
    "x5_mean_mm": 0.0,
    "spatial_equity_cv": 0.0007535418074480628
  },
  "solve_times": [
    2471.3528156280518,
    2216.6202068328857,
    4522.350072860718,
    13702.179908752441,
    5656.13317489624,
    4967.94056892395,
    18539.198875427246,
    12777.755737304688,
    30996.936559677124,
    3231.8270206451416,
    15200.879335403442,
    12340.069055557251,
    27896.595001220703,
    6425.6744384765625,
    5045.446872711182,
    16190.73486328125,
    3995.499610900879,
    26568.714380264282,
    19345.796823501587,
    15884.108543395996,
    54106.50968551636,
    50393.85628700256,
    42452.18253135681,
    18412.793159484863,
    15520.159482955933,
    19116.11795425415,
    14035.162925720215,
    2121.490716934204,
    2892.334222793579,
    36399.10411834717,
    6767.221927642822,
    22135.716676712036,
    26077.345848083496,
    21011.669397354126,
    5321.900844573975,
    1896.892786026001,
    32544.283390045166,
    46393.306493759155,
    20431.7409992218,
    25173.150300979614,
    14406.261205673218,
    41214.74766731262,
    25580.26075363159,
    14429.548263549805,
    25015.267610549927,
    29097.13578224182,
    4915.750980377197,
    2915.2004718780518,
    3155.2999019622803,
    1860.9468936920166,
    37659.892320632935,
    15761.074304580688,
    18393.91016960144,
    13525.113105773926,
    8467.278242111206,
    2925.9772300720215,
    4661.350965499878,
    25265.234231948853,
    18798.07949066162,
    15739.139795303345,
    21933.993101119995,
    19605.024814605713,
    15145.056009292603,
    3080.2156925201416,
    141420.4273223877,
    3279.33931350708,
    151873.4152317047,
    29970.478773117065,
    125978.05333137512,
    25817.577838897705,
    20248.955011367798,
    43231.99367523193,
    21075.289964675903,
    73465.19637107849,
    77681.76746368408,
    53351.84931755066,
    79896.78430557251,
    15662.232398986816,
    10773.660898208618,
    12132.136583328247,
    23178.49636077881,
    30198.638916015625,
    21460.453271865845,
    18647.732496261597,
    3500.8597373962402,
    16543.556213378906,
    3895.3282833099365,
    72124.15862083435,
    5177.726030349731,
    12243.610143661499,
    4226.0422706604,
    13469.697713851929,
    20577.231884002686
  ],
  "solve_time_mean_ms": 23933.690347979147,
  "solve_time_max_ms": 151873.4152317047,
  "completed_at": "2026-05-03T23:24:07"
}