{
  "scenario": "dry",
  "year": 2022,
  "crop": "Rice",
  "controller": "mpc_perfect_Hp3",
  "runoff_mode": "cascade",
  "budget_total": 484.0,
  "ub_mm_per_day": 12.0,
  "season_days": 93,
  "N_agents": 130,
  "initial_x1": 140.0,
  "initial_x5": 0.0,
  "seed": 0,
  "forecast_horizon": 0,
  "wallclock_seconds": 78.25758194923401,
  "final_metrics": {
    "terminal_biomass_g_m2": 981.4413930488979,
    "yield_kg_ha": 4122.0538508053705,
    "water_used_mm": 463.3000344006247,
    "wue_kg_ha_per_mm": 8.897158525226763,
    "budget_compliance": 1,
    "drought_days_per_agent": 36.353846153846156,
    "waterlog_days_per_agent": 0.0,
    "pond_days_per_agent": 0.0,
    "x5_max_mm": 0.0,
    "x5_mean_mm": 0.0,
    "spatial_equity_cv": 0.0011006473052369067
  },
  "solve_times": [
    1102.5657653808594,
    1067.0044422149658,
    299.41725730895996,
    285.01200675964355,
    297.5456714630127,
    197.2815990447998,
    189.61286544799805,
    254.7459602355957,
    196.26402854919434,
    191.41006469726562,
    230.8790683746338,
    193.08209419250488,
    916.5389537811279,
    574.4988918304443,
    886.2500190734863,
    564.2664432525635,
    289.2465591430664,
    561.6590976715088,
    496.59132957458496,
    1318.8869953155518,
    970.9477424621582,
    301.03182792663574,
    553.0734062194824,
    786.8945598602295,
    854.6359539031982,
    1129.8284530639648,
    815.359354019165,
    234.0717315673828,
    1479.9978733062744,
    1303.8506507873535,
    439.6376609802246,
    2578.1290531158447,
    279.30712699890137,
    382.16161727905273,
    204.99849319458008,
    237.48397827148438,
    472.02253341674805,
    1982.3722839355469,
    1925.7867336273193,
    237.02073097229004,
    206.16436004638672,
    2915.7402515411377,
    207.45301246643066,
    204.09226417541504,
    206.18271827697754,
    295.7894802093506,
    231.07671737670898,
    227.7352809906006,
    236.9515895843506,
    232.2390079498291,
    246.99926376342773,
    3661.860227584839,
    1798.52294921875,
    1535.7143878936768,
    243.37410926818848,
    1692.234754562378,
    338.26708793640137,
    243.05987358093262,
    3737.410545349121,
    222.26476669311523,
    447.5417137145996,
    262.44044303894043,
    3439.265727996826,
    433.20727348327637,
    407.0124626159668,
    540.6527519226074,
    260.44654846191406,
    929.4157028198242,
    375.2624988555908,
    332.8084945678711,
    471.27437591552734,
    962.7721309661865,
    1454.0619850158691,
    233.48450660705566,
    4701.9336223602295,
    875.6158351898193,
    882.6770782470703,
    231.5690517425537,
    221.27938270568848,
    930.5815696716309,
    891.2680149078369,
    431.28204345703125,
    387.51888275146484,
    2218.881607055664,
    3208.852529525757,
    691.6399002075195,
    232.90586471557617,
    220.63350677490234,
    222.18728065490723,
    1622.1692562103271,
    313.7180805206299,
    1867.6342964172363,
    1464.9651050567627
  ],
  "solve_time_mean_ms": 840.1232586112073,
  "solve_time_max_ms": 4701.9336223602295,
  "completed_at": "2026-05-08T12:32:41"
}