{
  "scenario": "wet",
  "year": 2024,
  "crop": "Rice",
  "controller": "mpc_perfect_Hp14",
  "runoff_mode": "cascade",
  "budget_total": 484.0,
  "ub_mm_per_day": 12.0,
  "season_days": 93,
  "N_agents": 130,
  "initial_x1": 140.0,
  "initial_x5": 0.0,
  "seed": 0,
  "forecast_horizon": 0,
  "wallclock_seconds": 64469.53382563591,
  "final_metrics": {
    "terminal_biomass_g_m2": 896.5190177329207,
    "yield_kg_ha": 3765.379874478267,
    "water_used_mm": 321.9642602514443,
    "wue_kg_ha_per_mm": 11.695024384189786,
    "budget_compliance": 1,
    "drought_days_per_agent": 10.607692307692307,
    "waterlog_days_per_agent": 24.107692307692307,
    "pond_days_per_agent": 0.0,
    "x5_max_mm": 0.0,
    "x5_mean_mm": 0.0,
    "spatial_equity_cv": 0.0055885494511798426
  },
  "solve_times": [
    13882.781744003296,
    16294.909238815308,
    101668.2333946228,
    28950.678825378418,
    26980.144023895264,
    37722.26929664612,
    66571.75588607788,
    210409.45029258728,
    94436.6524219513,
    12911.18049621582,
    10180.888891220093,
    6636.251926422119,
    155603.25503349304,
    142797.97530174255,
    118349.19500350952,
    29529.977083206177,
    235848.3545780182,
    35901.18861198425,
    192379.27055358887,
    85179.368019104,
    81459.74802970886,
    111782.63306617737,
    25160.640001296997,
    97073.561668396,
    146544.82340812683,
    170921.19479179382,
    24350.061893463135,
    127646.21257781982,
    104086.76886558533,
    138806.23531341553,
    238556.05602264404,
    88292.8409576416,
    79137.0484828949,
    133967.80347824097,
    39138.765811920166,
    76260.2310180664,
    21336.039543151855,
    2610524.812221527,
    32183.215856552124,
    45513.50498199463,
    29479.323625564575,
    22101.74322128296,
    1248692.875623703,
    351791.6507720947,
    23544.843196868896,
    137764.17756080627,
    66787.32991218567,
    315079.6239376068,
    387012.1343135834,
    44195.90401649475,
    229940.01388549805,
    426762.8390789032,
    130968.07336807251,
    379269.3428993225,
    173922.32394218445,
    286539.8955345154,
    593519.2294120789,
    238218.04404258728,
    170987.3526096344,
    419316.6172504425,
    43434200.73580742,
    2251392.5585746765,
    360595.40247917175,
    44662.7402305603,
    718260.4265213013,
    659441.8978691101,
    95803.50875854492,
    18896.117210388184,
    99224.22909736633,
    30710.827589035034,
    1079175.4744052887,
    241196.93684577942,
    228667.2124862671,
    123545.91178894043,
    314700.05202293396,
    286319.9143409729,
    70982.90133476257,
    145391.24202728271,
    129375.24557113647,
    165896.8620300293,
    387680.6466579437,
    376646.4431285858,
    151978.65390777588,
    233286.71526908875,
    137804.35919761658,
    31857.8040599823,
    211532.6328277588,
    31731.810808181763,
    76534.76357460022,
    75066.30373001099,
    134338.3069038391,
    193351.247549057,
    237980.41343688965
  ],
  "solve_time_mean_ms": 693216.124890953,
  "solve_time_max_ms": 43434200.73580742,
  "completed_at": "2026-05-09T14:58:36"
}