{
  "scenario": "moderate",
  "year": 2018,
  "crop": "Rice",
  "controller": "sac_det_perfect",
  "runoff_mode": "cascade",
  "budget_total": 484.0,
  "ub_mm_per_day": 12.0,
  "season_days": 93,
  "N_agents": 130,
  "initial_x1": 140.0,
  "initial_x5": 0.0,
  "seed": 0,
  "forecast_horizon": 0,
  "wallclock_seconds": 0.16754794120788574,
  "final_metrics": {
    "terminal_biomass_g_m2": 864.6275194013747,
    "yield_kg_ha": 3631.4355814857736,
    "water_used_mm": 474.7885115284186,
    "wue_kg_ha_per_mm": 7.648532964278377,
    "budget_compliance": 1,
    "drought_days_per_agent": 26.553846153846155,
    "waterlog_days_per_agent": 46.65384615384615,
    "pond_days_per_agent": 0.0,
    "x5_max_mm": 0.0,
    "x5_mean_mm": 0.0,
    "spatial_equity_cv": 0.022460248785197787
  },
  "solve_times": [
    0.0,
    10.069847106933594,
    0.0,
    0.3581047058105469,
    0.9996891021728516,
    0.4489421844482422,
    0.0,
    0.0,
    0.0,
    0.0,
    2.264261245727539,
    2.004861831665039,
    0.0,
    2.5107860565185547,
    0.0,
    1.5568733215332031,
    1.1343955993652344,
    0.9996891021728516,
    1.0001659393310547,
    0.9207725524902344,
    0.0,
    2.0051002502441406,
    0.0,
    2.004861831665039,
    0.0,
    0.0,
    0.0,
    1.004934310913086,
    1.0073184967041016,
    0.0,
    1.0607242584228516,
    0.0,
    0.0,
    0.0,
    0.0,
    1.0001659393310547,
    1.537322998046875,
    0.0,
    1.6279220581054688,
    0.7214546203613281,
    2.2492408752441406,
    0.0,
    0.0,
    0.0,
    0.0,
    2.0051002502441406,
    0.3857612609863281,
    0.6804466247558594,
    0.9248256683349609,
    0.0,
    1.735687255859375,
    0.0,
    0.0,
    0.0,
    0.0,
    0.0,
    0.0,
    0.0,
    0.0,
    1.0120868682861328,
    0.0,
    2.0046234130859375,
    0.0,
    1.611471176147461,
    0.8726119995117188,
    0.0,
    0.0,
    0.0,
    0.0,
    0.0,
    0.0,
    0.0,
    0.0,
    1.3651847839355469,
    0.0,
    0.38123130798339844,
    0.0,
    0.0,
    1.0035037994384766,
    0.0,
    2.004861831665039,
    0.0,
    2.325773239135742,
    0.9996891021728516,
    0.0,
    0.5047321319580078,
    0.0,
    0.0,
    1.0001659393310547,
    0.9999275207519531,
    1.7857551574707031,
    0.0,
    0.0
  ],
  "solve_time_mean_ms": 0.667643803422169,
  "solve_time_max_ms": 10.069847106933594,
  "completed_at": "2026-05-16T14:39:29"
}