{
  "scenario": "moderate",
  "year": 2018,
  "crop": "Rice",
  "controller": "sac_det_perfect",
  "runoff_mode": "cascade",
  "budget_total": 338.79999999999995,
  "ub_mm_per_day": 12.0,
  "season_days": 93,
  "N_agents": 130,
  "initial_x1": 140.0,
  "initial_x5": 0.0,
  "seed": 0,
  "forecast_horizon": 0,
  "wallclock_seconds": 0.20255827903747559,
  "final_metrics": {
    "terminal_biomass_g_m2": 833.8107805381052,
    "yield_kg_ha": 3502.0052782600415,
    "water_used_mm": 338.7999999999998,
    "wue_kg_ha_per_mm": 10.336497279398003,
    "budget_compliance": 1,
    "drought_days_per_agent": 43.12307692307692,
    "waterlog_days_per_agent": 33.57692307692308,
    "pond_days_per_agent": 0.0,
    "x5_max_mm": 0.0,
    "x5_mean_mm": 0.0,
    "spatial_equity_cv": 0.019985859596598123
  },
  "solve_times": [
    1.4202594757080078,
    0.0,
    0.0,
    0.0,
    0.0,
    0.0,
    0.0,
    2.004861831665039,
    0.5214214324951172,
    1.0106563568115234,
    1.9998550415039062,
    0.9999275207519531,
    0.0,
    0.0,
    0.0,
    0.0,
    0.0,
    0.0,
    0.0,
    2.0067691802978516,
    0.9999275207519531,
    0.9996891021728516,
    0.0,
    0.0,
    0.0,
    0.0,
    2.4378299713134766,
    0.0,
    0.0,
    2.0055770874023438,
    1.0495185852050781,
    1.0013580322265625,
    0.0,
    0.0,
    0.0,
    1.0089874267578125,
    0.0,
    0.42939186096191406,
    0.9725093841552734,
    1.0137557983398438,
    0.0,
    0.0,
    4.693746566772461,
    0.0,
    0.8270740509033203,
    0.0,
    0.0,
    0.0,
    0.0,
    0.0,
    1.0056495666503906,
    1.0001659393310547,
    0.9999275207519531,
    0.9999275207519531,
    1.378774642944336,
    1.0361671447753906,
    0.3464221954345703,
    1.0328292846679688,
    0.0,
    0.0,
    1.0001659393310547,
    1.5003681182861328,
    1.0325908660888672,
    0.0,
    0.0,
    1.043081283569336,
    0.0,
    0.0,
    1.0082721710205078,
    0.0,
    0.0,
    0.0,
    7.956027984619141,
    1.0013580322265625,
    0.0,
    0.9999275207519531,
    0.6775856018066406,
    0.0,
    0.0,
    1.0106563568115234,
    1.5048980712890625,
    1.0018348693847656,
    1.0082721710205078,
    0.99945068359375,
    0.0,
    0.0,
    0.0,
    0.8494853973388672,
    0.7944107055664062,
    1.0271072387695312,
    3.297090530395508,
    0.0,
    2.071380615234375
  ],
  "solve_time_mean_ms": 0.6987843462215957,
  "solve_time_max_ms": 7.956027984619141,
  "completed_at": "2026-05-16T14:39:29"
}