{
  "scenario": "wet",
  "year": 2024,
  "crop": "Rice",
  "controller": "sac_det_perfect",
  "runoff_mode": "cascade",
  "budget_total": 338.79999999999995,
  "ub_mm_per_day": 12.0,
  "season_days": 93,
  "N_agents": 130,
  "initial_x1": 140.0,
  "initial_x5": 0.0,
  "seed": 0,
  "forecast_horizon": 0,
  "wallclock_seconds": 0.2970578670501709,
  "final_metrics": {
    "terminal_biomass_g_m2": 751.2871532668767,
    "yield_kg_ha": 3155.406043720882,
    "water_used_mm": 235.52639925021393,
    "wue_kg_ha_per_mm": 13.39724996334149,
    "budget_compliance": 1,
    "drought_days_per_agent": 50.05384615384615,
    "waterlog_days_per_agent": 24.884615384615383,
    "pond_days_per_agent": 0.0,
    "x5_max_mm": 0.0,
    "x5_mean_mm": 0.0,
    "spatial_equity_cv": 0.08189568999369833
  },
  "solve_times": [
    3.1201839447021484,
    6.243228912353516,
    1.2254714965820312,
    0.0,
    0.0,
    1.9338130950927734,
    0.0,
    2.0067691802978516,
    1.3072490692138672,
    0.0,
    2.0055770874023438,
    2.0058155059814453,
    0.0,
    2.004861831665039,
    0.0,
    2.004861831665039,
    0.0,
    0.0,
    0.0,
    0.0,
    1.073598861694336,
    2.0055770874023438,
    0.0,
    0.0,
    0.0,
    0.0,
    0.0,
    0.0,
    0.0,
    0.0,
    2.0055770874023438,
    4.080772399902344,
    0.0,
    0.0,
    0.0,
    2.505779266357422,
    0.0,
    2.006053924560547,
    1.4214515686035156,
    0.0,
    4.174709320068359,
    2.0067691802978516,
    0.0,
    2.0055770874023438,
    0.0,
    0.0,
    2.0051002502441406,
    2.005338668823242,
    1.19781494140625,
    0.0,
    1.0986328125,
    0.0,
    0.0,
    2.3963451385498047,
    2.006053924560547,
    2.0067691802978516,
    0.0,
    0.0,
    0.0,
    2.005338668823242,
    2.0055770874023438,
    1.7421245574951172,
    0.0,
    0.0,
    0.0,
    0.0,
    2.00653076171875,
    0.0,
    0.0,
    1.505136489868164,
    2.00653076171875,
    2.004861831665039,
    0.0,
    2.0585060119628906,
    0.0,
    0.0,
    0.0,
    0.0,
    1.8301010131835938,
    0.0,
    0.0,
    1.0056495666503906,
    0.0,
    2.0389556884765625,
    0.0,
    2.0058155059814453,
    0.0,
    2.0058155059814453,
    0.0,
    2.005338668823242,
    1.9683837890625,
    2.1059513092041016,
    0.0
  ],
  "solve_time_mean_ms": 0.9694663427209341,
  "solve_time_max_ms": 6.243228912353516,
  "completed_at": "2026-05-13T08:14:29"
}