{
  "scenario": "dry",
  "year": 2022,
  "crop": "Rice",
  "controller": "sac_det_perfect",
  "runoff_mode": "cascade",
  "budget_total": 338.79999999999995,
  "ub_mm_per_day": 12.0,
  "season_days": 93,
  "N_agents": 130,
  "initial_x1": 140.0,
  "initial_x5": 0.0,
  "seed": 0,
  "forecast_horizon": 0,
  "wallclock_seconds": 0.18898463249206543,
  "final_metrics": {
    "terminal_biomass_g_m2": 878.7874188217626,
    "yield_kg_ha": 3690.9071590514027,
    "water_used_mm": 338.8,
    "wue_kg_ha_per_mm": 10.894058911013586,
    "budget_compliance": 1,
    "drought_days_per_agent": 48.62307692307692,
    "waterlog_days_per_agent": 19.692307692307693,
    "pond_days_per_agent": 0.0,
    "x5_max_mm": 0.0,
    "x5_mean_mm": 0.0,
    "spatial_equity_cv": 0.032490416166430704
  },
  "solve_times": [
    1.0235309600830078,
    0.0,
    1.0023117065429688,
    1.0023117065429688,
    0.0,
    0.0,
    0.0,
    1.0044574737548828,
    0.6923675537109375,
    0.0,
    0.9620189666748047,
    2.0051002502441406,
    0.0,
    2.0055770874023438,
    0.0,
    2.0046234130859375,
    0.3688335418701172,
    0.0,
    0.0,
    0.0,
    1.0061264038085938,
    0.0,
    0.0,
    0.0,
    2.0058155059814453,
    0.0,
    1.8773078918457031,
    1.0776519775390625,
    0.0,
    1.5065670013427734,
    0.0,
    2.044677734375,
    0.0,
    2.007007598876953,
    1.5244483947753906,
    0.9393692016601562,
    0.0,
    2.004861831665039,
    0.0,
    0.0,
    0.0,
    0.8530616760253906,
    0.0,
    0.0,
    0.0,
    0.0,
    0.0,
    0.0,
    1.4557838439941406,
    1.0013580322265625,
    0.9999275207519531,
    1.0001659393310547,
    0.9996891021728516,
    0.7174015045166016,
    0.0,
    0.7741451263427734,
    0.0,
    0.0,
    2.2735595703125,
    0.0,
    0.8990764617919922,
    0.0,
    0.0,
    0.0,
    2.2590160369873047,
    0.0,
    0.0,
    2.0058155059814453,
    0.0,
    0.0,
    0.0,
    0.0,
    0.0,
    0.0,
    0.9143352508544922,
    0.0,
    2.004861831665039,
    0.0,
    0.0,
    2.005338668823242,
    0.0,
    0.0,
    2.004861831665039,
    0.0,
    1.7712116241455078,
    1.0094642639160156,
    0.9999275207519531,
    0.0,
    0.0,
    1.0001659393310547,
    0.0,
    0.0,
    2.0055770874023438
  ],
  "solve_time_mean_ms": 0.6131151671050697,
  "solve_time_max_ms": 2.2735595703125,
  "completed_at": "2026-05-16T14:39:28"
}