{
  "scenario": "dry",
  "year": 2022,
  "crop": "Rice",
  "controller": "sac_det_perfect",
  "runoff_mode": "cascade",
  "budget_total": 484.0,
  "ub_mm_per_day": 12.0,
  "season_days": 93,
  "N_agents": 130,
  "initial_x1": 140.0,
  "initial_x5": 0.0,
  "seed": 0,
  "forecast_horizon": 0,
  "wallclock_seconds": 0.18366575241088867,
  "final_metrics": {
    "terminal_biomass_g_m2": 973.8485988939057,
    "yield_kg_ha": 4090.1641153544033,
    "water_used_mm": 477.7417643088561,
    "wue_kg_ha_per_mm": 8.56145395048641,
    "budget_compliance": 1,
    "drought_days_per_agent": 19.73846153846154,
    "waterlog_days_per_agent": 30.315384615384616,
    "pond_days_per_agent": 0.0,
    "x5_max_mm": 0.0,
    "x5_mean_mm": 0.0,
    "spatial_equity_cv": 0.01979476662515947
  },
  "solve_times": [
    3.720998764038086,
    0.0,
    0.0,
    0.9999275207519531,
    0.0,
    0.7524490356445312,
    0.0,
    0.0,
    0.0,
    2.004384994506836,
    1.0001659393310547,
    0.9999275207519531,
    0.0,
    1.6739368438720703,
    1.0793209075927734,
    0.0,
    0.3991127014160156,
    0.7064342498779297,
    1.2373924255371094,
    0.0,
    0.0,
    2.004861831665039,
    0.0,
    1.8219947814941406,
    0.7953643798828125,
    0.0,
    0.0,
    0.0,
    0.0,
    2.004861831665039,
    1.018524169921875,
    0.9996891021728516,
    0.0,
    0.0,
    0.0,
    0.0,
    0.9999275207519531,
    1.0004043579101562,
    0.0,
    2.125263214111328,
    0.0,
    2.005338668823242,
    0.0,
    0.0,
    2.004384994506836,
    0.0,
    0.0,
    0.0,
    1.1894702911376953,
    0.9999275207519531,
    0.0,
    2.004384994506836,
    0.0,
    0.0,
    2.0041465759277344,
    0.0,
    2.004384994506836,
    0.4925727844238281,
    1.1096000671386719,
    0.0,
    1.0752677917480469,
    1.5053749084472656,
    1.001119613647461,
    0.0,
    0.0,
    0.9996891021728516,
    0.0,
    0.9999275207519531,
    0.8759498596191406,
    0.0,
    1.0132789611816406,
    1.0001659393310547,
    0.0,
    0.0,
    0.0,
    0.0,
    0.0,
    0.7970333099365234,
    1.0013580322265625,
    0.0,
    2.242565155029297,
    2.005338668823242,
    0.0,
    0.0,
    2.005338668823242,
    0.0,
    0.0,
    1.0013580322265625,
    1.0001659393310547,
    0.0,
    1.005411148071289,
    0.0,
    1.2810230255126953
  ],
  "solve_time_mean_ms": 0.6663389103386992,
  "solve_time_max_ms": 3.720998764038086,
  "completed_at": "2026-05-16T14:39:28"
}