{
  "scenario": "wet",
  "year": 2024,
  "crop": "Rice",
  "controller": "sac_det_perfect",
  "runoff_mode": "cascade",
  "budget_total": 411.4,
  "ub_mm_per_day": 12.0,
  "season_days": 93,
  "N_agents": 130,
  "initial_x1": 140.0,
  "initial_x5": 0.0,
  "seed": 0,
  "forecast_horizon": 0,
  "wallclock_seconds": 0.27029967308044434,
  "final_metrics": {
    "terminal_biomass_g_m2": 749.5070939371974,
    "yield_kg_ha": 3147.9297945362287,
    "water_used_mm": 232.91095254146137,
    "wue_kg_ha_per_mm": 13.515593664389199,
    "budget_compliance": 1,
    "drought_days_per_agent": 50.83076923076923,
    "waterlog_days_per_agent": 24.315384615384616,
    "pond_days_per_agent": 0.0,
    "x5_max_mm": 0.0,
    "x5_mean_mm": 0.0,
    "spatial_equity_cv": 0.08281776988388233
  },
  "solve_times": [
    3.28826904296875,
    0.0,
    5.016088485717773,
    0.0,
    2.0062923431396484,
    0.0,
    0.0,
    0.0,
    0.0,
    2.005338668823242,
    3.0133724212646484,
    0.0,
    2.5441646575927734,
    0.0,
    2.0055770874023438,
    0.0,
    2.0051002502441406,
    0.0,
    2.0062923431396484,
    0.0,
    2.00653076171875,
    2.0079612731933594,
    0.0,
    1.7414093017578125,
    0.0,
    0.0,
    0.0,
    0.0,
    2.004861831665039,
    0.0,
    1.7423629760742188,
    1.5943050384521484,
    0.0,
    0.0,
    0.0,
    0.5817413330078125,
    0.0,
    0.0,
    0.0,
    0.0,
    4.117012023925781,
    2.0074844360351562,
    0.0,
    0.0,
    0.0,
    0.0,
    0.0,
    2.005338668823242,
    0.0,
    2.004861831665039,
    2.0058155059814453,
    1.1088848114013672,
    0.0,
    2.3937225341796875,
    0.0,
    0.0,
    0.0,
    2.00653076171875,
    2.5119781494140625,
    1.0046958923339844,
    2.006053924560547,
    2.0058155059814453,
    0.0,
    2.039670944213867,
    0.0,
    2.0051002502441406,
    0.0,
    2.0051002502441406,
    0.0,
    2.506732940673828,
    0.0,
    2.0062923431396484,
    2.0058155059814453,
    0.0,
    2.0055770874023438,
    0.0,
    0.0,
    0.0,
    0.0,
    2.0051002502441406,
    0.9999275207519531,
    2.00653076171875,
    2.0055770874023438,
    0.0,
    2.0058155059814453,
    0.0,
    0.0,
    0.0,
    0.0,
    2.0051002502441406,
    2.0771026611328125,
    2.354860305786133,
    1.0447502136230469
  ],
  "solve_time_mean_ms": 0.9873861907630839,
  "solve_time_max_ms": 5.016088485717773,
  "completed_at": "2026-05-13T08:14:29"
}