{
  "scenario": "moderate",
  "year": 2018,
  "crop": "Rice",
  "controller": "sac_det_perfect",
  "runoff_mode": "cascade",
  "budget_total": 338.79999999999995,
  "ub_mm_per_day": 12.0,
  "season_days": 93,
  "N_agents": 130,
  "initial_x1": 140.0,
  "initial_x5": 0.0,
  "seed": 0,
  "forecast_horizon": 0,
  "wallclock_seconds": 0.23851537704467773,
  "final_metrics": {
    "terminal_biomass_g_m2": 569.2835568615773,
    "yield_kg_ha": 2390.9909388186243,
    "water_used_mm": 224.8436187331493,
    "wue_kg_ha_per_mm": 10.634017332981637,
    "budget_compliance": 1,
    "drought_days_per_agent": 68.96153846153847,
    "waterlog_days_per_agent": 9.73076923076923,
    "pond_days_per_agent": 0.0,
    "x5_max_mm": 0.0,
    "x5_mean_mm": 0.0,
    "spatial_equity_cv": 0.16339243466574382
  },
  "solve_times": [
    1.1088848114013672,
    2.0058155059814453,
    0.0,
    2.006053924560547,
    0.0,
    2.0051002502441406,
    0.0,
    0.0,
    0.0,
    1.0051727294921875,
    2.00653076171875,
    0.0,
    2.007007598876953,
    0.0,
    0.9438991546630859,
    0.0,
    2.00653076171875,
    0.0,
    0.0,
    0.0,
    2.0062923431396484,
    0.0,
    0.0,
    0.0,
    0.0,
    2.005338668823242,
    0.0,
    0.0,
    0.0,
    0.0,
    1.0058879852294922,
    0.0,
    2.005338668823242,
    0.0,
    2.004861831665039,
    0.0,
    2.0051002502441406,
    1.0046958923339844,
    2.1467208862304688,
    0.0,
    0.0,
    0.6399154663085938,
    2.0055770874023438,
    0.0,
    2.0058155059814453,
    0.0,
    2.0055770874023438,
    0.8003711700439453,
    0.0,
    0.0,
    1.741647720336914,
    0.0,
    0.0,
    0.0,
    0.0,
    0.0,
    0.0,
    1.4851093292236328,
    1.5821456909179688,
    2.506732940673828,
    2.010822296142578,
    2.0074844360351562,
    2.004861831665039,
    0.0,
    0.0,
    2.007007598876953,
    0.0,
    0.86212158203125,
    0.0,
    2.0067691802978516,
    1.5048980712890625,
    1.0807514190673828,
    0.0,
    0.0,
    2.009153366088867,
    2.006053924560547,
    2.0051002502441406,
    2.0051002502441406,
    2.004861831665039,
    0.0,
    2.516031265258789,
    2.0062923431396484,
    0.0,
    2.005338668823242,
    0.0,
    0.0,
    0.0,
    0.0,
    0.0,
    0.0,
    2.084970474243164,
    2.0058155059814453,
    2.0055770874023438
  ],
  "solve_time_mean_ms": 0.862270273188109,
  "solve_time_max_ms": 2.516031265258789,
  "completed_at": "2026-05-13T08:14:28"
}