{
  "scenario": "dry",
  "year": 2022,
  "crop": "Rice",
  "controller": "sac_det_perfect",
  "runoff_mode": "cascade",
  "budget_total": 411.4,
  "ub_mm_per_day": 12.0,
  "season_days": 93,
  "N_agents": 130,
  "initial_x1": 140.0,
  "initial_x5": 0.0,
  "seed": 0,
  "forecast_horizon": 0,
  "wallclock_seconds": 0.2388315200805664,
  "final_metrics": {
    "terminal_biomass_g_m2": 591.4935217408365,
    "yield_kg_ha": 2484.272791311513,
    "water_used_mm": 192.3493788599968,
    "wue_kg_ha_per_mm": 12.915418838548542,
    "budget_compliance": 1,
    "drought_days_per_agent": 81.0,
    "waterlog_days_per_agent": 3.646153846153846,
    "pond_days_per_agent": 0.0,
    "x5_max_mm": 0.0,
    "x5_mean_mm": 0.0,
    "spatial_equity_cv": 0.1552037274499536
  },
  "solve_times": [
    0.0,
    0.0,
    2.0055770874023438,
    0.0,
    2.0051002502441406,
    0.8094310760498047,
    0.0,
    0.0,
    0.0,
    0.0,
    2.00653076171875,
    0.0,
    0.0,
    0.0,
    0.0,
    1.5556812286376953,
    1.6887187957763672,
    0.0,
    0.0,
    0.0,
    0.0,
    0.0,
    2.006053924560547,
    0.0,
    2.0074844360351562,
    0.0,
    2.0055770874023438,
    1.1703968048095703,
    1.0058879852294922,
    1.107931137084961,
    4.00996208190918,
    2.6535987854003906,
    0.0,
    0.0,
    2.006053924560547,
    0.0,
    0.0,
    2.00653076171875,
    0.0,
    1.4612674713134766,
    2.747058868408203,
    2.0072460174560547,
    1.5077590942382812,
    2.00653076171875,
    1.31988525390625,
    0.9918212890625,
    1.7552375793457031,
    0.9222030639648438,
    1.7571449279785156,
    0.0,
    1.7392635345458984,
    2.0058155059814453,
    0.0,
    2.005338668823242,
    0.0,
    0.7846355438232422,
    0.0,
    0.0,
    0.0,
    2.007722854614258,
    2.0067691802978516,
    0.0,
    2.006053924560547,
    0.0,
    0.0,
    0.0,
    1.9481182098388672,
    0.0,
    0.0,
    2.006053924560547,
    2.0058155059814453,
    0.0,
    0.0,
    1.741647720336914,
    1.0063648223876953,
    2.0055770874023438,
    0.0,
    2.0046234130859375,
    0.0,
    2.0046234130859375,
    2.353191375732422,
    2.0058155059814453,
    0.0,
    2.0058155059814453,
    0.0,
    0.0,
    0.0,
    0.5981922149658203,
    1.5196800231933594,
    0.0,
    2.006053924560547,
    2.004861831665039,
    0.0
  ],
  "solve_time_mean_ms": 0.9279430553477298,
  "solve_time_max_ms": 4.00996208190918,
  "completed_at": "2026-05-13T08:14:26"
}