{
  "scenario": "wet",
  "year": 2024,
  "crop": "Rice",
  "controller": "sac_det_perfect",
  "runoff_mode": "cascade",
  "budget_total": 484.0,
  "ub_mm_per_day": 12.0,
  "season_days": 93,
  "N_agents": 130,
  "initial_x1": 140.0,
  "initial_x5": 0.0,
  "seed": 0,
  "forecast_horizon": 0,
  "wallclock_seconds": 0.17356038093566895,
  "final_metrics": {
    "terminal_biomass_g_m2": 754.437800727672,
    "yield_kg_ha": 3168.638763056222,
    "water_used_mm": 477.16632425968464,
    "wue_kg_ha_per_mm": 6.640533084501113,
    "budget_compliance": 1,
    "drought_days_per_agent": 0.0,
    "waterlog_days_per_agent": 90.4076923076923,
    "pond_days_per_agent": 0.3230769230769231,
    "x5_max_mm": 18.70560145151327,
    "x5_mean_mm": 0.042625254166432515,
    "spatial_equity_cv": 0.03230029353388242
  },
  "solve_times": [
    1.0001659393310547,
    1.8291473388671875,
    0.0,
    0.0,
    0.0,
    0.0,
    0.0,
    4.518747329711914,
    0.0,
    0.3001689910888672,
    1.804351806640625,
    0.0,
    0.0,
    0.41985511779785156,
    0.0,
    0.0,
    2.2449493408203125,
    0.0,
    0.0,
    2.005338668823242,
    0.99945068359375,
    1.1510848999023438,
    1.0116100311279297,
    1.0020732879638672,
    0.41937828063964844,
    0.0,
    0.0,
    0.0,
    0.0,
    2.0058155059814453,
    1.5060901641845703,
    0.9992122650146484,
    1.348733901977539,
    0.0,
    0.0,
    0.0,
    0.0,
    0.0,
    0.0,
    5.477666854858398,
    0.0,
    0.5054473876953125,
    0.0,
    0.0,
    0.0,
    0.0,
    1.6112327575683594,
    0.7185935974121094,
    0.9064674377441406,
    0.0,
    2.066373825073242,
    2.005338668823242,
    0.0,
    0.0,
    0.0,
    0.0,
    0.0,
    0.0,
    0.0,
    0.0,
    1.5053749084472656,
    0.0,
    0.0,
    0.0,
    0.0,
    0.0,
    0.0,
    0.0,
    0.9999275207519531,
    0.0,
    0.0,
    1.0006427764892578,
    0.0,
    0.316619873046875,
    0.0,
    0.36787986755371094,
    0.0,
    0.0,
    2.2821426391601562,
    0.0,
    1.880645751953125,
    0.0,
    0.0,
    0.0,
    0.0,
    0.0,
    0.0,
    0.0,
    0.0,
    0.45609474182128906,
    0.0,
    2.005338668823242,
    0.0
  ],
  "solve_time_mean_ms": 0.5233544175342847,
  "solve_time_max_ms": 5.477666854858398,
  "completed_at": "2026-05-16T14:39:29"
}