{
  "scenario": "wet",
  "year": 2024,
  "crop": "Rice",
  "controller": "sac_det_perfect",
  "runoff_mode": "cascade",
  "budget_total": 411.4,
  "ub_mm_per_day": 12.0,
  "season_days": 93,
  "N_agents": 130,
  "initial_x1": 140.0,
  "initial_x5": 0.0,
  "seed": 0,
  "forecast_horizon": 0,
  "wallclock_seconds": 0.17685985565185547,
  "final_metrics": {
    "terminal_biomass_g_m2": 767.8696757573816,
    "yield_kg_ha": 3225.0526381810027,
    "water_used_mm": 411.4,
    "wue_kg_ha_per_mm": 7.839213996550809,
    "budget_compliance": 1,
    "drought_days_per_agent": 0.7153846153846154,
    "waterlog_days_per_agent": 83.5,
    "pond_days_per_agent": 0.3384615384615385,
    "x5_max_mm": 19.468325084429164,
    "x5_mean_mm": 0.044595511975841474,
    "spatial_equity_cv": 0.02997097967078789
  },
  "solve_times": [
    0.44989585876464844,
    1.3527870178222656,
    0.0,
    2.005338668823242,
    0.0,
    0.0,
    0.0,
    0.0,
    1.8777847290039062,
    0.7932186126708984,
    2.097606658935547,
    0.0,
    2.004861831665039,
    0.0,
    0.0,
    0.0,
    0.9336471557617188,
    0.0,
    0.0,
    0.0,
    0.6082057952880859,
    0.9996891021728516,
    0.9999275207519531,
    0.0,
    0.8776187896728516,
    0.0,
    0.5054473876953125,
    0.0,
    0.0,
    0.0,
    1.0001659393310547,
    1.188039779663086,
    1.026153564453125,
    0.9999275207519531,
    1.001119613647461,
    1.0001659393310547,
    0.0,
    0.0,
    0.0,
    0.0,
    2.004861831665039,
    0.0,
    2.004861831665039,
    0.0,
    2.0055770874023438,
    1.5406608581542969,
    0.0,
    0.0,
    0.0,
    0.41937828063964844,
    0.0,
    0.0,
    0.0,
    0.0,
    1.0101795196533203,
    0.0,
    1.0030269622802734,
    0.0,
    0.5059242248535156,
    0.0,
    0.0,
    0.0,
    0.0,
    0.0,
    1.7209053039550781,
    0.0,
    0.0,
    0.0,
    0.0,
    0.0,
    1.3322830200195312,
    0.9999275207519531,
    0.0,
    0.0,
    2.023935317993164,
    0.0,
    0.0,
    2.004861831665039,
    0.0,
    0.0,
    0.0,
    2.005338668823242,
    0.0,
    2.0046234130859375,
    0.8571147918701172,
    0.0,
    0.0,
    0.0,
    0.0,
    0.0,
    0.9999275207519531,
    1.474618911743164,
    1.2218952178955078
  ],
  "solve_time_mean_ms": 0.5253925118395077,
  "solve_time_max_ms": 2.097606658935547,
  "completed_at": "2026-05-16T14:39:30"
}