{
  "scenario": "dry",
  "year": 2022,
  "crop": "Rice",
  "controller": "sac_det_perfect",
  "runoff_mode": "cascade",
  "budget_total": 411.4,
  "ub_mm_per_day": 12.0,
  "season_days": 93,
  "N_agents": 130,
  "initial_x1": 140.0,
  "initial_x5": 0.0,
  "seed": 0,
  "forecast_horizon": 0,
  "wallclock_seconds": 0.23642826080322266,
  "final_metrics": {
    "terminal_biomass_g_m2": 951.4657006000903,
    "yield_kg_ha": 3996.155942520379,
    "water_used_mm": 411.4,
    "wue_kg_ha_per_mm": 9.713553579291151,
    "budget_compliance": 1,
    "drought_days_per_agent": 30.184615384615384,
    "waterlog_days_per_agent": 24.276923076923076,
    "pond_days_per_agent": 0.0,
    "x5_max_mm": 0.0,
    "x5_mean_mm": 0.0,
    "spatial_equity_cv": 0.027146475513772094
  },
  "solve_times": [
    1.5108585357666016,
    0.0,
    2.1626949310302734,
    0.0,
    0.0,
    0.5297660827636719,
    0.0,
    0.5199909210205078,
    0.0,
    1.0783672332763672,
    2.004861831665039,
    2.0046234130859375,
    0.0,
    0.0,
    0.0,
    1.7409324645996094,
    0.0,
    0.0,
    1.7399787902832031,
    0.0,
    0.0,
    0.0,
    2.0051002502441406,
    0.0,
    2.0058155059814453,
    0.0,
    0.0,
    0.9737014770507812,
    0.0,
    0.6067752838134766,
    0.0,
    3.588438034057617,
    0.0,
    2.005338668823242,
    0.0,
    2.004861831665039,
    0.7560253143310547,
    0.0,
    0.0,
    1.020193099975586,
    1.0020732879638672,
    0.9996891021728516,
    0.5469322204589844,
    0.0,
    1.375436782836914,
    0.0,
    1.3651847839355469,
    1.008749008178711,
    0.0,
    0.0,
    0.0,
    1.0001659393310547,
    0.0,
    0.0,
    2.170562744140625,
    0.0,
    0.0,
    1.6722679138183594,
    0.8962154388427734,
    0.9102821350097656,
    1.0042190551757812,
    0.0,
    0.0,
    2.0051002502441406,
    0.0,
    0.0,
    0.431060791015625,
    0.8556842803955078,
    0.0,
    0.0,
    0.9996891021728516,
    0.0,
    0.0,
    1.3878345489501953,
    0.8873939514160156,
    0.0,
    2.0394325256347656,
    0.0,
    0.0,
    2.004861831665039,
    1.2929439544677734,
    0.0,
    0.9953975677490234,
    1.0502338409423828,
    0.0,
    1.0027885437011719,
    1.0025501251220703,
    0.0,
    0.3204345703125,
    1.020669937133789,
    1.0001659393310547,
    0.9999275207519531,
    0.0
  ],
  "solve_time_mean_ms": 0.6613577565839214,
  "solve_time_max_ms": 3.588438034057617,
  "completed_at": "2026-05-16T14:39:28"
}