{
  "scenario": "moderate",
  "year": 2018,
  "crop": "Rice",
  "controller": "sac_det_perfect",
  "runoff_mode": "cascade",
  "budget_total": 411.4,
  "ub_mm_per_day": 12.0,
  "season_days": 93,
  "N_agents": 130,
  "initial_x1": 140.0,
  "initial_x5": 0.0,
  "seed": 0,
  "forecast_horizon": 0,
  "wallclock_seconds": 0.1696009635925293,
  "final_metrics": {
    "terminal_biomass_g_m2": 868.9456505013383,
    "yield_kg_ha": 3649.571732105621,
    "water_used_mm": 411.4000000000001,
    "wue_kg_ha_per_mm": 8.871102897680165,
    "budget_compliance": 1,
    "drought_days_per_agent": 29.484615384615385,
    "waterlog_days_per_agent": 41.01538461538462,
    "pond_days_per_agent": 0.0,
    "x5_max_mm": 0.0,
    "x5_mean_mm": 0.0,
    "spatial_equity_cv": 0.0236547146009998
  },
  "solve_times": [
    2.004384994506836,
    0.0,
    0.0,
    0.0,
    0.9071826934814453,
    0.0,
    0.0,
    0.0,
    1.0044574737548828,
    0.0,
    0.3325939178466797,
    0.9996891021728516,
    1.0001659393310547,
    0.0,
    1.8193721771240234,
    0.7791519165039062,
    0.0,
    0.0,
    0.0,
    0.0,
    0.0,
    0.0,
    0.0,
    0.0,
    1.0001659393310547,
    0.8256435394287109,
    0.0,
    1.5625953674316406,
    0.4172325134277344,
    1.0445117950439453,
    1.505136489868164,
    1.001596450805664,
    0.9999275207519531,
    0.9999275207519531,
    0.0,
    0.9999275207519531,
    1.0001659393310547,
    0.33926963806152344,
    1.0373592376708984,
    0.0,
    0.0,
    0.0,
    0.0,
    1.016378402709961,
    0.0,
    1.0731220245361328,
    1.2340545654296875,
    0.0,
    0.33545494079589844,
    0.0,
    2.251863479614258,
    2.0051002502441406,
    0.0,
    2.0051002502441406,
    0.0,
    2.004384994506836,
    0.0,
    0.0,
    1.0027885437011719,
    0.0,
    0.9996891021728516,
    0.9999275207519531,
    0.0,
    0.0,
    0.0,
    0.0,
    3.506183624267578,
    0.7319450378417969,
    0.0,
    0.0,
    1.3363361358642578,
    0.9996891021728516,
    1.0001659393310547,
    0.0,
    0.5977153778076172,
    0.0,
    1.5058517456054688,
    0.0,
    2.0062923431396484,
    0.0,
    1.0027885437011719,
    1.1229515075683594,
    1.0025501251220703,
    0.9992122650146484,
    1.4286041259765625,
    1.0004043579101562,
    2.028226852416992,
    0.0,
    1.634359359741211,
    0.0,
    1.8973350524902344,
    1.0340213775634766,
    3.000020980834961
  ],
  "solve_time_mean_ms": 0.6918599528651084,
  "solve_time_max_ms": 3.506183624267578,
  "completed_at": "2026-05-16T14:39:29"
}