{
  "scenario": "wet",
  "year": 2024,
  "crop": "Rice",
  "controller": "sac_det_perfect",
  "runoff_mode": "cascade",
  "budget_total": 338.79999999999995,
  "ub_mm_per_day": 12.0,
  "season_days": 93,
  "N_agents": 130,
  "initial_x1": 140.0,
  "initial_x5": 0.0,
  "seed": 0,
  "forecast_horizon": 0,
  "wallclock_seconds": 0.17367124557495117,
  "final_metrics": {
    "terminal_biomass_g_m2": 799.8871218815793,
    "yield_kg_ha": 3359.525911902633,
    "water_used_mm": 338.8,
    "wue_kg_ha_per_mm": 9.915956056383214,
    "budget_compliance": 1,
    "drought_days_per_agent": 10.930769230769231,
    "waterlog_days_per_agent": 72.25384615384615,
    "pond_days_per_agent": 0.0,
    "x5_max_mm": 4.95856371780767,
    "x5_mean_mm": 0.0007803138280780288,
    "spatial_equity_cv": 0.024604056606980264
  },
  "solve_times": [
    1.8851757049560547,
    0.0,
    0.0,
    0.0,
    0.0,
    0.0,
    0.0,
    0.0,
    0.0,
    2.0096302032470703,
    0.0,
    0.9987354278564453,
    1.0001659393310547,
    1.0001659393310547,
    0.3325939178466797,
    1.024484634399414,
    0.9996891021728516,
    0.0,
    2.463817596435547,
    0.0,
    1.2271404266357422,
    0.9763240814208984,
    0.0,
    0.0,
    0.0,
    0.0,
    0.0,
    0.0,
    0.0,
    0.0,
    1.0004043579101562,
    1.6753673553466797,
    1.008749008178711,
    1.0042190551757812,
    0.0,
    0.0,
    0.0,
    0.0,
    0.0,
    0.0,
    1.5811920166015625,
    1.0426044464111328,
    1.2111663818359375,
    0.0,
    0.0,
    1.7580986022949219,
    0.0,
    0.0,
    2.0051002502441406,
    0.0,
    0.8320808410644531,
    1.0094642639160156,
    1.0006427764892578,
    0.0,
    0.0,
    0.0,
    0.0,
    0.0,
    0.0,
    0.0,
    1.642465591430664,
    1.5113353729248047,
    0.0,
    2.005338668823242,
    0.0,
    0.0,
    0.0,
    0.41604042053222656,
    0.0,
    0.0,
    1.6384124755859375,
    0.0,
    2.004861831665039,
    0.0,
    0.0,
    2.00653076171875,
    0.0,
    0.0,
    0.0,
    0.43654441833496094,
    0.9999275207519531,
    0.9999275207519531,
    0.0,
    0.0,
    0.9999275207519531,
    0.6902217864990234,
    0.0,
    0.8466243743896484,
    0.0,
    0.0,
    0.0,
    0.0,
    2.004861831665039
  ],
  "solve_time_mean_ms": 0.5080648647841587,
  "solve_time_max_ms": 2.463817596435547,
  "completed_at": "2026-05-16T14:39:30"
}