{
  "scenario": "moderate",
  "crop_name": "rice",
  "n_days": 93,
  "arrays": [
    "h1",
    "x2",
    "h2",
    "h7",
    "g_base",
    "Kc_ET"
  ],
  "final_x2": 1379.9999999999998,
  "total_Kc_ET_mm": 534.2372133942879,
  "mean_h2": 0.9993855606758834,
  "mean_h7": 1.0
}