{
  "scenario": "wet",
  "year": 2024,
  "crop": "Rice",
  "controller": "sac_det_perfect",
  "runoff_mode": "cascade",
  "budget_total": 484.0,
  "ub_mm_per_day": 12.0,
  "season_days": 93,
  "N_agents": 130,
  "initial_x1": 140.0,
  "initial_x5": 0.0,
  "seed": 0,
  "forecast_horizon": 0,
  "wallclock_seconds": 0.16561055183410645,
  "final_metrics": {
    "terminal_biomass_g_m2": 700.7466361756508,
    "yield_kg_ha": 2943.1358719377336,
    "water_used_mm": 240.97276704586469,
    "wue_kg_ha_per_mm": 12.21356217143642,
    "budget_compliance": 1,
    "drought_days_per_agent": 53.46923076923077,
    "waterlog_days_per_agent": 28.43846153846154,
    "pond_days_per_agent": 1.8307692307692307,
    "x5_max_mm": 29.06262610454186,
    "x5_mean_mm": 0.2330909374390783,
    "spatial_equity_cv": 0.08047408664664941
  },
  "solve_times": [
    1.226663589477539,
    1.0044574737548828,
    0.0,
    0.0,
    1.0001659393310547,
    0.9999275207519531,
    0.0,
    0.0,
    1.0004043579101562,
    0.45609474182128906,
    1.9378662109375,
    0.0,
    0.0,
    0.0,
    0.0,
    0.0,
    2.0062923431396484,
    0.0,
    0.0,
    2.0062923431396484,
    0.0,
    0.0,
    0.0,
    1.0001659393310547,
    0.0,
    0.0,
    0.9999275207519531,
    0.38909912109375,
    0.0,
    0.0,
    2.0046234130859375,
    0.0,
    0.0,
    1.0890960693359375,
    0.0,
    0.0,
    1.0027885437011719,
    1.0020732879638672,
    0.0,
    0.0,
    1.214742660522461,
    0.0,
    0.0,
    0.9999275207519531,
    0.7255077362060547,
    0.8540153503417969,
    0.0,
    0.0,
    0.0,
    0.9999275207519531,
    1.0585784912109375,
    2.104520797729492,
    0.0,
    0.0,
    2.004861831665039,
    0.0,
    0.0,
    2.0055770874023438,
    1.1811256408691406,
    0.0,
    0.0,
    0.0,
    0.0,
    0.0,
    0.9999275207519531,
    0.5023479461669922,
    0.7433891296386719,
    0.0,
    0.0,
    2.373218536376953,
    0.0,
    6.345510482788086,
    1.0111331939697266,
    0.0,
    0.0,
    2.2542476654052734,
    0.0,
    0.0,
    0.0,
    0.0,
    1.3566017150878906,
    0.31447410583496094,
    1.0051727294921875,
    0.0,
    0.0,
    0.9999275207519531,
    0.0,
    0.0,
    0.0,
    0.0,
    0.0,
    0.5052089691162109,
    0.0
  ],
  "solve_time_mean_ms": 0.5450094899823589,
  "solve_time_max_ms": 6.345510482788086,
  "completed_at": "2026-05-16T14:30:04"
}