{
  "scenario": "moderate",
  "year": 2018,
  "crop": "Rice",
  "controller": "sac_det_perfect",
  "runoff_mode": "cascade",
  "budget_total": 338.79999999999995,
  "ub_mm_per_day": 12.0,
  "season_days": 93,
  "N_agents": 130,
  "initial_x1": 140.0,
  "initial_x5": 0.0,
  "seed": 0,
  "forecast_horizon": 0,
  "wallclock_seconds": 0.22169184684753418,
  "final_metrics": {
    "terminal_biomass_g_m2": 494.19821586201755,
    "yield_kg_ha": 2075.6325066204736,
    "water_used_mm": 177.63343796363245,
    "wue_kg_ha_per_mm": 11.6849199701096,
    "budget_compliance": 1,
    "drought_days_per_agent": 73.04615384615384,
    "waterlog_days_per_agent": 11.73076923076923,
    "pond_days_per_agent": 0.46923076923076923,
    "x5_max_mm": 20.778118815792425,
    "x5_mean_mm": 0.056873244496743906,
    "spatial_equity_cv": 0.17456445027197556
  },
  "solve_times": [
    0.0,
    2.5663375854492188,
    0.0,
    0.0,
    0.42176246643066406,
    0.5319118499755859,
    0.0,
    0.0,
    1.0023117065429688,
    0.0,
    1.4188289642333984,
    2.0046234130859375,
    0.0,
    0.0,
    0.0,
    0.0,
    0.0,
    0.0,
    0.0,
    0.8344650268554688,
    0.0,
    3.415346145629883,
    0.0,
    2.005338668823242,
    0.4096031188964844,
    1.0135173797607422,
    0.0,
    0.0,
    1.0001659393310547,
    1.001119613647461,
    0.9996891021728516,
    1.0001659393310547,
    0.9996891021728516,
    1.0001659393310547,
    1.5528202056884766,
    1.2149810791015625,
    0.43272972106933594,
    1.0695457458496094,
    1.3318061828613281,
    1.0027885437011719,
    2.073526382446289,
    0.0,
    0.0,
    2.004861831665039,
    0.0,
    2.0046234130859375,
    1.0628700256347656,
    0.9996891021728516,
    1.0001659393310547,
    0.9999275207519531,
    1.0001659393310547,
    0.0,
    0.4379749298095703,
    0.6840229034423828,
    0.0,
    0.0,
    1.7857551574707031,
    0.0,
    0.0,
    0.0,
    0.9999275207519531,
    0.6306171417236328,
    0.0,
    0.0,
    0.0,
    0.0,
    2.007007598876953,
    0.0,
    0.0,
    1.0161399841308594,
    0.0,
    0.0,
    0.0,
    0.31113624572753906,
    0.0,
    0.0,
    0.0,
    0.0,
    0.0,
    3.021717071533203,
    0.9999275207519531,
    0.0,
    0.736236572265625,
    0.0,
    0.5173683166503906,
    0.0,
    0.0,
    2.3283958435058594,
    0.0,
    2.0051002502441406,
    2.006053924560547,
    0.0,
    0.5626678466796875
  ],
  "solve_time_mean_ms": 0.6389848647579071,
  "solve_time_max_ms": 3.415346145629883,
  "completed_at": "2026-05-16T14:30:04"
}