{
  "scenario": "dry",
  "year": 2022,
  "crop": "Rice",
  "controller": "sac_det_perfect",
  "runoff_mode": "cascade",
  "budget_total": 338.79999999999995,
  "ub_mm_per_day": 12.0,
  "season_days": 93,
  "N_agents": 130,
  "initial_x1": 140.0,
  "initial_x5": 0.0,
  "seed": 0,
  "forecast_horizon": 0,
  "wallclock_seconds": 0.23396015167236328,
  "final_metrics": {
    "terminal_biomass_g_m2": 529.8921143546403,
    "yield_kg_ha": 2225.546880289489,
    "water_used_mm": 155.02462926644546,
    "wue_kg_ha_per_mm": 14.356085809206323,
    "budget_compliance": 1,
    "drought_days_per_agent": 78.83846153846154,
    "waterlog_days_per_agent": 6.946153846153846,
    "pond_days_per_agent": 0.2076923076923077,
    "x5_max_mm": 11.108418087106358,
    "x5_mean_mm": 0.0214653124257811,
    "spatial_equity_cv": 0.22777835196710655
  },
  "solve_times": [
    0.0,
    2.0046234130859375,
    0.0,
    0.0,
    0.9999275207519531,
    0.3457069396972656,
    0.0,
    0.0,
    1.0027885437011719,
    1.0001659393310547,
    2.1529197692871094,
    2.004384994506836,
    2.0046234130859375,
    0.0,
    0.0,
    0.0,
    0.0,
    0.0,
    0.0,
    2.0046234130859375,
    0.9963512420654297,
    0.0,
    0.0,
    0.0,
    1.5056133270263672,
    0.0,
    0.0,
    2.0058155059814453,
    0.0,
    0.0,
    0.9996891021728516,
    1.9826889038085938,
    1.0097026824951172,
    0.0,
    0.5044937133789062,
    0.0,
    0.0,
    0.0,
    0.0,
    2.0046234130859375,
    0.9999275207519531,
    1.7082691192626953,
    1.0094642639160156,
    0.6053447723388672,
    0.0,
    0.0,
    0.0,
    0.0,
    1.5492439270019531,
    0.0,
    0.0,
    0.0,
    2.2203922271728516,
    0.0,
    2.004384994506836,
    0.0,
    2.0046234130859375,
    0.7853507995605469,
    1.0595321655273438,
    1.0132789611816406,
    0.0,
    0.0,
    0.0,
    2.0046234130859375,
    0.0,
    1.7008781433105469,
    0.8924007415771484,
    0.0,
    0.0,
    0.0,
    1.0294914245605469,
    0.0,
    0.0,
    0.0,
    0.0,
    0.0,
    0.0,
    0.0,
    0.0,
    0.0,
    1.5041828155517578,
    0.0,
    0.0,
    0.0,
    1.0004043579101562,
    0.0,
    1.2884140014648438,
    0.0,
    0.0,
    0.0,
    2.2094249725341797,
    0.0,
    0.0
  ],
  "solve_time_mean_ms": 0.5496599340951571,
  "solve_time_max_ms": 2.2203922271728516,
  "completed_at": "2026-05-16T14:30:03"
}