{
  "scenario": "wet",
  "year": 2024,
  "crop": "Rice",
  "controller": "sac_det_perfect",
  "runoff_mode": "cascade",
  "budget_total": 338.79999999999995,
  "ub_mm_per_day": 12.0,
  "season_days": 93,
  "N_agents": 130,
  "initial_x1": 140.0,
  "initial_x5": 0.0,
  "seed": 0,
  "forecast_horizon": 0,
  "wallclock_seconds": 0.1749742031097412,
  "final_metrics": {
    "terminal_biomass_g_m2": 703.266499956055,
    "yield_kg_ha": 2953.7192998154305,
    "water_used_mm": 250.8185044031877,
    "wue_kg_ha_per_mm": 11.776321315860184,
    "budget_compliance": 1,
    "drought_days_per_agent": 52.47692307692308,
    "waterlog_days_per_agent": 29.692307692307693,
    "pond_days_per_agent": 1.976923076923077,
    "x5_max_mm": 29.071818075842533,
    "x5_mean_mm": 0.26013337746684534,
    "spatial_equity_cv": 0.07733169525921314
  },
  "solve_times": [
    2.040863037109375,
    0.0,
    0.0,
    0.0,
    1.6717910766601562,
    0.0,
    0.0,
    0.0,
    2.317190170288086,
    0.0,
    0.9996891021728516,
    0.9996891021728516,
    0.0,
    1.8053054809570312,
    0.0,
    0.3960132598876953,
    1.0051727294921875,
    0.0,
    2.0046234130859375,
    0.0,
    1.004934310913086,
    0.0,
    1.0001659393310547,
    1.1975765228271484,
    0.0,
    0.0,
    0.9996891021728516,
    1.0001659393310547,
    0.0,
    0.0,
    0.0,
    3.083467483520508,
    0.0,
    0.0,
    0.0,
    0.0,
    0.0,
    0.0,
    0.0,
    0.0,
    0.0,
    0.9710788726806641,
    1.1403560638427734,
    0.0,
    0.0,
    0.0,
    0.0,
    0.0,
    1.8010139465332031,
    1.0099411010742188,
    1.0302066802978516,
    1.4388561248779297,
    0.0,
    0.0,
    1.0936260223388672,
    0.5047321319580078,
    0.0,
    2.2156238555908203,
    0.0,
    2.0046234130859375,
    0.8628368377685547,
    0.0,
    2.749204635620117,
    0.0,
    2.0046234130859375,
    0.0,
    1.9199848175048828,
    0.0,
    0.0,
    1.0182857513427734,
    0.0,
    3.6759376525878906,
    0.0,
    0.0,
    0.8969306945800781,
    0.0,
    0.0,
    0.0,
    0.0,
    2.00653076171875,
    0.0,
    0.0,
    0.0,
    0.0,
    0.0,
    2.0055770874023438,
    0.0,
    0.0,
    2.0055770874023438,
    0.0,
    0.0,
    0.0,
    0.0
  ],
  "solve_time_mean_ms": 0.5793750927012454,
  "solve_time_max_ms": 3.6759376525878906,
  "completed_at": "2026-05-16T14:30:05"
}