{
  "scenario": "moderate",
  "year": 2018,
  "crop": "Rice",
  "controller": "sac_det_perfect",
  "runoff_mode": "cascade",
  "budget_total": 411.4,
  "ub_mm_per_day": 12.0,
  "season_days": 93,
  "N_agents": 130,
  "initial_x1": 140.0,
  "initial_x5": 0.0,
  "seed": 0,
  "forecast_horizon": 0,
  "wallclock_seconds": 0.17404794692993164,
  "final_metrics": {
    "terminal_biomass_g_m2": 494.2815937538038,
    "yield_kg_ha": 2075.982693765976,
    "water_used_mm": 178.18494917887907,
    "wue_kg_ha_per_mm": 11.650718555818687,
    "budget_compliance": 1,
    "drought_days_per_agent": 73.08461538461539,
    "waterlog_days_per_agent": 11.907692307692308,
    "pond_days_per_agent": 0.49230769230769234,
    "x5_max_mm": 24.17031368037717,
    "x5_mean_mm": 0.059552599963274666,
    "spatial_equity_cv": 0.17325968117588253
  },
  "solve_times": [
    1.3928413391113281,
    0.33092498779296875,
    0.0,
    2.371549606323242,
    0.0,
    0.0,
    2.004861831665039,
    0.0,
    1.7337799072265625,
    1.0120868682861328,
    1.0766983032226562,
    0.0,
    0.0,
    0.0,
    2.0046234130859375,
    0.0,
    1.2183189392089844,
    0.0,
    0.0,
    0.9832382202148438,
    1.0073184967041016,
    0.0,
    2.104043960571289,
    0.0,
    2.0046234130859375,
    0.0,
    2.004384994506836,
    0.0,
    0.0,
    0.0,
    2.418041229248047,
    2.0046234130859375,
    0.7245540618896484,
    1.008749008178711,
    0.0,
    0.0,
    0.0,
    0.0,
    0.0,
    0.0,
    0.0,
    0.0,
    0.0,
    0.9999275207519531,
    1.1949539184570312,
    0.37932395935058594,
    1.026153564453125,
    0.0,
    0.5056858062744141,
    0.0,
    2.005338668823242,
    1.0957717895507812,
    0.0,
    0.0,
    1.001119613647461,
    0.0,
    0.0,
    1.0001659393310547,
    0.0,
    0.0,
    0.9999275207519531,
    1.0387897491455078,
    0.7295608520507812,
    0.0,
    1.9996166229248047,
    0.0,
    0.0,
    0.0,
    0.0,
    2.0046234130859375,
    0.8814334869384766,
    0.0,
    2.1393299102783203,
    0.0,
    2.0079612731933594,
    0.0,
    1.2717247009277344,
    1.0018348693847656,
    0.5986690521240234,
    1.1768341064453125,
    1.7969608306884766,
    1.001119613647461,
    0.0,
    0.0,
    2.005338668823242,
    0.0,
    0.0,
    0.0,
    0.0,
    0.4658699035644531,
    1.4104843139648438,
    1.001596450805664,
    0.9999275207519531
  ],
  "solve_time_mean_ms": 0.6574764046617734,
  "solve_time_max_ms": 2.418041229248047,
  "completed_at": "2026-05-16T14:30:03"
}