{
  "scenario": "wet",
  "year": 2024,
  "crop": "Rice",
  "controller": "sac_det_perfect",
  "runoff_mode": "cascade",
  "budget_total": 411.4,
  "ub_mm_per_day": 12.0,
  "season_days": 93,
  "N_agents": 130,
  "initial_x1": 140.0,
  "initial_x5": 0.0,
  "seed": 0,
  "forecast_horizon": 0,
  "wallclock_seconds": 0.27076268196105957,
  "final_metrics": {
    "terminal_biomass_g_m2": 701.0221359368674,
    "yield_kg_ha": 2944.2929709348427,
    "water_used_mm": 244.43408340949279,
    "wue_kg_ha_per_mm": 12.045345435735983,
    "budget_compliance": 1,
    "drought_days_per_agent": 53.276923076923076,
    "waterlog_days_per_agent": 28.76923076923077,
    "pond_days_per_agent": 1.9153846153846155,
    "x5_max_mm": 29.062460678894293,
    "x5_mean_mm": 0.24805535239080326,
    "spatial_equity_cv": 0.07932463624108516
  },
  "solve_times": [
    0.9999275207519531,
    0.9999275207519531,
    0.9999275207519531,
    0.9999275207519531,
    0.9999275207519531,
    0.0,
    0.0,
    0.9999275207519531,
    0.0,
    1.5041828155517578,
    2.004861831665039,
    2.004384994506836,
    0.0,
    2.0046234130859375,
    0.0,
    2.004384994506836,
    0.0,
    2.004384994506836,
    0.0,
    1.9757747650146484,
    0.0,
    0.0,
    2.0051002502441406,
    0.0,
    0.0,
    0.0,
    0.0,
    0.0,
    2.505779266357422,
    0.0,
    0.9999275207519531,
    1.0001659393310547,
    0.9999275207519531,
    0.9996891021728516,
    0.0,
    0.0,
    1.0445117950439453,
    0.9999275207519531,
    0.0,
    0.0,
    0.0,
    3.901958465576172,
    0.0,
    0.0,
    0.0,
    0.0,
    0.0,
    0.9999275207519531,
    1.0001659393310547,
    0.0,
    0.9999275207519531,
    1.0004043579101562,
    0.9996891021728516,
    0.0,
    0.5421638488769531,
    0.5204677581787109,
    0.0,
    0.0,
    0.0,
    0.0,
    1.0018348693847656,
    0.8642673492431641,
    0.0,
    0.0,
    1.010894775390625,
    1.0001659393310547,
    0.0,
    0.0,
    0.0,
    0.0,
    1.0023117065429688,
    0.5478858947753906,
    1.008749008178711,
    0.0,
    0.0,
    0.0,
    3.369569778442383,
    0.0,
    2.0046234130859375,
    1.3937950134277344,
    0.0,
    0.0,
    0.0,
    0.0,
    0.0,
    0.8084774017333984,
    0.0,
    0.0,
    1.0023117065429688,
    0.9999275207519531,
    0.0,
    2.004861831665039,
    0.0
  ],
  "solve_time_mean_ms": 0.6241029308688256,
  "solve_time_max_ms": 3.901958465576172,
  "completed_at": "2026-05-16T14:30:04"
}