{
  "scenario": "dry",
  "year": 2022,
  "crop": "Rice",
  "controller": "sac_det_perfect",
  "runoff_mode": "cascade",
  "budget_total": 411.4,
  "ub_mm_per_day": 12.0,
  "season_days": 93,
  "N_agents": 130,
  "initial_x1": 140.0,
  "initial_x5": 0.0,
  "seed": 0,
  "forecast_horizon": 0,
  "wallclock_seconds": 0.16284775733947754,
  "final_metrics": {
    "terminal_biomass_g_m2": 528.9514202158131,
    "yield_kg_ha": 2221.595964906415,
    "water_used_mm": 155.30840027882502,
    "wue_kg_ha_per_mm": 14.304415993713063,
    "budget_compliance": 1,
    "drought_days_per_agent": 78.5923076923077,
    "waterlog_days_per_agent": 7.2846153846153845,
    "pond_days_per_agent": 0.2,
    "x5_max_mm": 11.10824407935856,
    "x5_mean_mm": 0.021918522000944983,
    "spatial_equity_cv": 0.22856192321338245
  },
  "solve_times": [
    2.6900768280029297,
    0.0,
    0.0,
    1.344919204711914,
    0.7231235504150391,
    0.0,
    0.0,
    0.0,
    0.0,
    2.004384994506836,
    1.0161399841308594,
    0.0,
    0.0,
    0.0,
    0.0,
    2.3746490478515625,
    0.0,
    0.0,
    0.9996891021728516,
    0.8525848388671875,
    0.0,
    2.1080970764160156,
    0.0,
    0.0,
    1.6591548919677734,
    0.7662773132324219,
    0.8869171142578125,
    1.0085105895996094,
    1.0027885437011719,
    1.0020732879638672,
    0.0,
    2.0046234130859375,
    0.0,
    0.0,
    0.0,
    0.0,
    0.0,
    0.0,
    0.0,
    0.0,
    1.0223388671875,
    0.9996891021728516,
    0.0,
    0.0,
    0.0,
    1.0001659393310547,
    0.8089542388916016,
    1.0151863098144531,
    0.0,
    1.0273456573486328,
    0.0,
    0.0,
    0.0,
    0.9999275207519531,
    0.9999275207519531,
    0.0,
    0.0,
    0.9999275207519531,
    0.0,
    0.0,
    0.3349781036376953,
    0.0,
    2.005338668823242,
    0.5052089691162109,
    0.0,
    0.0,
    0.0,
    0.0,
    1.5490055084228516,
    0.7529258728027344,
    0.0,
    0.0,
    0.0,
    4.246234893798828,
    0.0,
    0.0,
    2.00653076171875,
    0.7450580596923828,
    0.0,
    0.0,
    0.0,
    0.0,
    1.6944408416748047,
    0.0,
    0.0,
    0.0,
    0.0,
    0.0,
    0.0,
    0.0,
    1.065969467163086,
    0.9999275207519531,
    0.9999275207519531
  ],
  "solve_time_mean_ms": 0.5185270822176369,
  "solve_time_max_ms": 4.246234893798828,
  "completed_at": "2026-05-16T14:30:02"
}