{
  "scenario": "dry",
  "year": 2022,
  "crop": "Rice",
  "controller": "sac_det_perfect",
  "runoff_mode": "cascade",
  "budget_total": 484.0,
  "ub_mm_per_day": 12.0,
  "season_days": 93,
  "N_agents": 130,
  "initial_x1": 140.0,
  "initial_x5": 0.0,
  "seed": 0,
  "forecast_horizon": 0,
  "wallclock_seconds": 0.3434293270111084,
  "final_metrics": {
    "terminal_biomass_g_m2": 531.087393541969,
    "yield_kg_ha": 2230.56705287627,
    "water_used_mm": 157.17934217361304,
    "wue_kg_ha_per_mm": 14.191222727045698,
    "budget_compliance": 1,
    "drought_days_per_agent": 78.52307692307693,
    "waterlog_days_per_agent": 7.3,
    "pond_days_per_agent": 0.24615384615384617,
    "x5_max_mm": 11.10220059745959,
    "x5_mean_mm": 0.024149713652000988,
    "spatial_equity_cv": 0.22825508935307373
  },
  "solve_times": [
    1.5628337860107422,
    1.0001659393310547,
    0.0,
    2.0134449005126953,
    0.0,
    0.0,
    0.0,
    0.3104209899902344,
    1.4133453369140625,
    1.0020732879638672,
    1.741170883178711,
    0.0,
    2.004384994506836,
    0.0,
    0.0,
    0.0,
    0.0,
    2.008199691772461,
    0.0,
    0.0,
    0.0,
    1.5940666198730469,
    1.0135173797607422,
    0.99945068359375,
    0.0,
    1.0001659393310547,
    0.0,
    0.0,
    0.0,
    0.0,
    0.751495361328125,
    0.0,
    2.0058155059814453,
    0.0,
    2.004861831665039,
    0.0,
    2.004384994506836,
    0.0,
    0.0,
    0.45371055603027344,
    0.0,
    1.2502670288085938,
    0.0,
    0.0,
    0.0,
    0.0,
    0.0,
    0.0,
    0.0,
    0.0,
    0.0,
    0.0,
    0.0,
    1.0023117065429688,
    0.0,
    0.0,
    1.0018348693847656,
    0.0,
    0.0,
    0.0,
    0.0,
    0.0,
    2.007722854614258,
    0.0,
    2.004384994506836,
    0.0,
    2.004861831665039,
    0.0,
    0.0,
    1.100301742553711,
    0.0,
    5.237579345703125,
    0.0,
    0.0,
    0.4322528839111328,
    1.0144710540771484,
    0.0,
    0.0,
    0.9999275207519531,
    0.9999275207519531,
    1.0001659393310547,
    0.0,
    0.0,
    0.0,
    1.6198158264160156,
    0.5834102630615234,
    0.0,
    0.0,
    0.0,
    0.0,
    0.690460205078125,
    0.0,
    0.0
  ],
  "solve_time_mean_ms": 0.5143355297785933,
  "solve_time_max_ms": 5.237579345703125,
  "completed_at": "2026-05-16T14:30:02"
}