{
  "scenario": "moderate",
  "year": 2018,
  "crop": "Rice",
  "controller": "sac_det_perfect",
  "runoff_mode": "cascade",
  "budget_total": 484.0,
  "ub_mm_per_day": 12.0,
  "season_days": 93,
  "N_agents": 130,
  "initial_x1": 140.0,
  "initial_x5": 0.0,
  "seed": 0,
  "forecast_horizon": 0,
  "wallclock_seconds": 0.22608256340026855,
  "final_metrics": {
    "terminal_biomass_g_m2": 496.1227957416712,
    "yield_kg_ha": 2083.715742115019,
    "water_used_mm": 179.23525441151398,
    "wue_kg_ha_per_mm": 11.625590897039295,
    "budget_compliance": 1,
    "drought_days_per_agent": 73.06153846153846,
    "waterlog_days_per_agent": 11.876923076923077,
    "pond_days_per_agent": 0.5230769230769231,
    "x5_max_mm": 26.801375184539452,
    "x5_mean_mm": 0.06182753623795836,
    "spatial_equity_cv": 0.17169063879033059
  },
  "solve_times": [
    0.9999275207519531,
    0.0,
    0.0,
    0.0,
    2.004861831665039,
    0.0,
    2.0046234130859375,
    0.0,
    0.0,
    2.0041465759277344,
    2.004384994506836,
    1.0051727294921875,
    0.0,
    2.0275115966796875,
    0.0,
    0.0,
    0.0,
    0.0,
    0.0,
    2.004384994506836,
    0.0,
    2.004384994506836,
    1.0151863098144531,
    0.4715919494628906,
    0.5869865417480469,
    0.0,
    1.0352134704589844,
    0.0,
    0.0,
    0.0,
    0.0,
    2.0046234130859375,
    0.0,
    2.0046234130859375,
    1.2073516845703125,
    0.0,
    0.0,
    0.9996891021728516,
    0.0,
    0.0,
    1.0001659393310547,
    0.9999275207519531,
    0.0,
    1.0001659393310547,
    1.2378692626953125,
    0.3116130828857422,
    0.9267330169677734,
    0.0,
    0.0,
    0.0,
    1.0001659393310547,
    0.9999275207519531,
    1.0137557983398438,
    0.0,
    0.0,
    0.3643035888671875,
    0.0,
    0.0,
    0.0,
    0.0,
    0.9999275207519531,
    1.4452934265136719,
    1.005411148071289,
    0.0,
    0.0,
    0.0,
    0.0,
    0.0,
    0.0,
    2.004384994506836,
    2.0186901092529297,
    1.0166168212890625,
    0.0,
    0.5061626434326172,
    0.0,
    2.4442672729492188,
    0.0,
    2.004861831665039,
    0.0,
    0.0,
    1.3096332550048828,
    1.0030269622802734,
    2.042531967163086,
    0.0,
    2.0062923431396484,
    0.0,
    2.005338668823242,
    1.2745857238769531,
    3.129243850708008,
    1.1494159698486328,
    0.99945068359375,
    1.0008811950683594,
    0.9992122650146484
  ],
  "solve_time_mean_ms": 0.6946722666422526,
  "solve_time_max_ms": 3.129243850708008,
  "completed_at": "2026-05-16T14:30:03"
}