{
  "scenario": "dry",
  "year": 2022,
  "crop": "Rice",
  "controller": "sac_det_perfect",
  "runoff_mode": "cascade",
  "budget_total": 484.0,
  "ub_mm_per_day": 12.0,
  "season_days": 93,
  "N_agents": 130,
  "initial_x1": 140.0,
  "initial_x5": 0.0,
  "seed": 0,
  "forecast_horizon": 0,
  "wallclock_seconds": 0.3751366138458252,
  "final_metrics": {
    "terminal_biomass_g_m2": 589.8518442697277,
    "yield_kg_ha": 2477.3777459328567,
    "water_used_mm": 190.4967961714818,
    "wue_kg_ha_per_mm": 13.004826305334635,
    "budget_compliance": 1,
    "drought_days_per_agent": 81.21538461538462,
    "waterlog_days_per_agent": 3.4076923076923076,
    "pond_days_per_agent": 0.0,
    "x5_max_mm": 0.0,
    "x5_mean_mm": 0.0,
    "spatial_equity_cv": 0.15570873934821722
  },
  "solve_times": [
    41.38660430908203,
    7.024526596069336,
    2.0067691802978516,
    2.796649932861328,
    2.0074844360351562,
    2.0062923431396484,
    0.0,
    0.0,
    2.0058155059814453,
    2.00653076171875,
    2.007722854614258,
    2.00653076171875,
    0.0,
    2.006053924560547,
    2.0058155059814453,
    0.0,
    0.0,
    2.0072460174560547,
    2.0055770874023438,
    0.0,
    1.7452239990234375,
    2.00653076171875,
    2.0058155059814453,
    2.0058155059814453,
    0.0,
    0.0,
    2.0074844360351562,
    2.400636672973633,
    0.0,
    0.8037090301513672,
    2.0678043365478516,
    2.007007598876953,
    2.006053924560547,
    0.0,
    2.828359603881836,
    0.0,
    2.0055770874023438,
    0.0,
    2.006053924560547,
    1.9502639770507812,
    2.007007598876953,
    1.8744468688964844,
    0.0,
    2.0062923431396484,
    2.005338668823242,
    2.0062923431396484,
    0.0,
    2.0058155059814453,
    0.0,
    2.8798580169677734,
    6.767034530639648,
    1.5330314636230469,
    1.5223026275634766,
    2.868175506591797,
    1.020193099975586,
    1.0154247283935547,
    1.4927387237548828,
    0.6167888641357422,
    0.0,
    1.720428466796875,
    1.5206336975097656,
    1.5187263488769531,
    1.8880367279052734,
    1.5249252319335938,
    1.5223026275634766,
    0.5064010620117188,
    2.017498016357422,
    0.0,
    0.0,
    2.007007598876953,
    2.0062923431396484,
    2.005338668823242,
    0.0,
    0.0,
    0.0,
    0.0,
    2.006053924560547,
    0.0,
    2.00653076171875,
    0.0,
    3.1414031982421875,
    0.0,
    0.0,
    0.0,
    0.0,
    2.005338668823242,
    0.0,
    0.0,
    0.0,
    0.0,
    2.468585968017578,
    1.463174819946289,
    4.069328308105469
  ],
  "solve_time_mean_ms": 1.8080075581868489,
  "solve_time_max_ms": 41.38660430908203,
  "completed_at": "2026-05-13T08:14:25"
}