{
  "scenario": "wet",
  "year": 2024,
  "crop": "Rice",
  "controller": "sac_det_perfect",
  "runoff_mode": "cascade",
  "budget_total": 484.0,
  "ub_mm_per_day": 12.0,
  "season_days": 93,
  "N_agents": 130,
  "initial_x1": 140.0,
  "initial_x5": 0.0,
  "seed": 0,
  "forecast_horizon": 0,
  "wallclock_seconds": 0.24161577224731445,
  "final_metrics": {
    "terminal_biomass_g_m2": 748.8740736835849,
    "yield_kg_ha": 3145.2711094710567,
    "water_used_mm": 231.1426987354572,
    "wue_kg_ha_per_mm": 13.60748631333936,
    "budget_compliance": 1,
    "drought_days_per_agent": 51.4,
    "waterlog_days_per_agent": 23.9,
    "pond_days_per_agent": 0.0,
    "x5_max_mm": 0.0,
    "x5_mean_mm": 0.0,
    "spatial_equity_cv": 0.08172521909936685
  },
  "solve_times": [
    2.053499221801758,
    2.006053924560547,
    0.0,
    2.0055770874023438,
    0.0,
    1.741647720336914,
    0.0,
    2.007007598876953,
    0.0,
    2.006053924560547,
    0.0,
    0.0,
    2.006053924560547,
    0.0,
    2.0051002502441406,
    0.0,
    0.0,
    2.0046234130859375,
    2.0051002502441406,
    2.9888153076171875,
    0.0,
    2.00653076171875,
    2.821207046508789,
    0.0,
    0.0,
    1.0313987731933594,
    0.0,
    0.0,
    0.0,
    0.0,
    2.0055770874023438,
    0.0,
    2.0074844360351562,
    0.0,
    0.0,
    0.0,
    0.0,
    2.004861831665039,
    0.0,
    2.004861831665039,
    2.0055770874023438,
    0.0,
    0.0,
    0.0,
    0.0,
    0.0,
    2.1517276763916016,
    0.0,
    0.0,
    0.0,
    5.25212287902832,
    3.009796142578125,
    2.004861831665039,
    2.0051002502441406,
    0.0,
    2.0051002502441406,
    0.0,
    1.7414093017578125,
    0.0,
    2.7513504028320312,
    2.3488998413085938,
    0.0,
    2.0058155059814453,
    0.0,
    0.0,
    0.0,
    0.0,
    2.0055770874023438,
    2.0051002502441406,
    0.0,
    2.00653076171875,
    2.0596981048583984,
    0.0,
    0.0,
    0.0,
    2.0058155059814453,
    0.0,
    2.0051002502441406,
    1.005411148071289,
    0.0,
    0.0,
    0.0,
    2.006053924560547,
    0.0,
    0.0,
    0.0,
    0.0,
    2.132415771484375,
    0.0,
    2.0055770874023438,
    0.0,
    0.0,
    2.005338668823242
  ],
  "solve_time_mean_ms": 0.9165143453946678,
  "solve_time_max_ms": 5.25212287902832,
  "completed_at": "2026-05-13T08:14:28"
}