{
  "scenario": "dry",
  "year": 2022,
  "crop": "Rice",
  "controller": "sac_det_perfect",
  "runoff_mode": "cascade",
  "budget_total": 338.79999999999995,
  "ub_mm_per_day": 12.0,
  "season_days": 93,
  "N_agents": 130,
  "initial_x1": 140.0,
  "initial_x5": 0.0,
  "seed": 0,
  "forecast_horizon": 0,
  "wallclock_seconds": 0.30364179611206055,
  "final_metrics": {
    "terminal_biomass_g_m2": 595.5478096146037,
    "yield_kg_ha": 2501.3008003813356,
    "water_used_mm": 195.6554237998449,
    "wue_kg_ha_per_mm": 12.784213960458164,
    "budget_compliance": 1,
    "drought_days_per_agent": 80.77692307692308,
    "waterlog_days_per_agent": 4.130769230769231,
    "pond_days_per_agent": 0.0,
    "x5_max_mm": 0.0,
    "x5_mean_mm": 0.0,
    "spatial_equity_cv": 0.15315240540054267
  },
  "solve_times": [
    2.9191970825195312,
    0.0,
    0.9908676147460938,
    0.0,
    0.0,
    0.0,
    0.0,
    0.0,
    1.5170574188232422,
    1.0058879852294922,
    2.00653076171875,
    2.0067691802978516,
    0.0,
    2.00653076171875,
    0.0,
    2.0067691802978516,
    0.0,
    2.0074844360351562,
    0.0,
    2.0074844360351562,
    2.006053924560547,
    1.4410018920898438,
    0.0,
    1.1830329895019531,
    0.0,
    2.3560523986816406,
    1.0783672332763672,
    0.0,
    0.0,
    0.0,
    3.751516342163086,
    1.3818740844726562,
    2.00653076171875,
    2.007007598876953,
    0.0,
    2.0055770874023438,
    0.0,
    2.005338668823242,
    0.6017684936523438,
    1.3053417205810547,
    2.0058155059814453,
    2.5069713592529297,
    0.0,
    0.0,
    0.0,
    0.0,
    0.0,
    0.0,
    0.0,
    1.1296272277832031,
    0.5619525909423828,
    8.9874267578125,
    0.0,
    0.0,
    2.0055770874023438,
    0.0,
    2.0051002502441406,
    1.004934310913086,
    0.0,
    2.005338668823242,
    0.0,
    2.0055770874023438,
    0.0,
    2.0055770874023438,
    2.0051002502441406,
    1.7743110656738281,
    0.0,
    2.163410186767578,
    0.0,
    0.0,
    2.00653076171875,
    0.0,
    2.005338668823242,
    0.0,
    0.0,
    0.0,
    2.005338668823242,
    0.0,
    0.0,
    1.413583755493164,
    4.015207290649414,
    2.0055770874023438,
    0.0,
    2.0055770874023438,
    0.0,
    2.0051002502441406,
    0.0,
    2.0046234130859375,
    0.0,
    2.005338668823242,
    2.0852088928222656,
    4.0130615234375,
    2.0051002502441406
  ],
  "solve_time_mean_ms": 1.1112510517079344,
  "solve_time_max_ms": 8.9874267578125,
  "completed_at": "2026-05-13T08:14:26"
}