{
  "scenario": "moderate",
  "year": 2018,
  "crop": "Rice",
  "controller": "sac_det_perfect",
  "runoff_mode": "cascade",
  "budget_total": 411.4,
  "ub_mm_per_day": 12.0,
  "season_days": 93,
  "N_agents": 130,
  "initial_x1": 140.0,
  "initial_x5": 0.0,
  "seed": 0,
  "forecast_horizon": 0,
  "wallclock_seconds": 0.30707478523254395,
  "final_metrics": {
    "terminal_biomass_g_m2": 566.7347150829834,
    "yield_kg_ha": 2380.28580334853,
    "water_used_mm": 222.9978911986718,
    "wue_kg_ha_per_mm": 10.674028308312124,
    "budget_compliance": 1,
    "drought_days_per_agent": 68.97692307692307,
    "waterlog_days_per_agent": 9.53076923076923,
    "pond_days_per_agent": 0.0,
    "x5_max_mm": 0.0,
    "x5_mean_mm": 0.0,
    "spatial_equity_cv": 0.16565168534376512
  },
  "solve_times": [
    0.0,
    0.7071495056152344,
    0.41222572326660156,
    1.7197132110595703,
    0.0,
    2.0062923431396484,
    2.00653076171875,
    0.0,
    2.008199691772461,
    2.3534297943115234,
    2.004861831665039,
    2.004861831665039,
    0.0,
    2.004861831665039,
    0.0,
    2.0062923431396484,
    0.0,
    0.0,
    0.0,
    0.0,
    1.733541488647461,
    0.0,
    2.0074844360351562,
    0.0,
    0.0,
    0.0,
    1.1448860168457031,
    0.0,
    2.006053924560547,
    0.0,
    2.719879150390625,
    0.0,
    2.0973682403564453,
    0.0,
    2.00653076171875,
    1.5053749084472656,
    0.0,
    0.0,
    0.33211708068847656,
    0.0,
    2.002239227294922,
    0.0,
    0.0,
    2.005338668823242,
    0.0,
    0.0,
    2.6035308837890625,
    0.0,
    2.00653076171875,
    1.081228256225586,
    0.0,
    2.0067691802978516,
    0.5061626434326172,
    0.0,
    0.0,
    0.0,
    0.6208419799804688,
    0.0,
    1.2607574462890625,
    0.0,
    2.0058155059814453,
    2.00653076171875,
    0.0,
    0.0,
    0.0,
    0.0,
    0.0,
    2.007722854614258,
    0.0,
    2.0055770874023438,
    5.897045135498047,
    4.551410675048828,
    3.031492233276367,
    0.0,
    0.0,
    1.5215873718261719,
    1.4624595642089844,
    0.43892860412597656,
    0.0,
    1.5156269073486328,
    3.111124038696289,
    2.0074844360351562,
    2.5069713592529297,
    0.0,
    4.010677337646484,
    0.0,
    1.7421245574951172,
    0.0,
    0.5130767822265625,
    0.0,
    2.008199691772461,
    0.0,
    2.0051002502441406
  ],
  "solve_time_mean_ms": 1.0024732159030052,
  "solve_time_max_ms": 5.897045135498047,
  "completed_at": "2026-05-13T08:14:27"
}