{
  "scenario": "moderate",
  "year": 2018,
  "crop": "Rice",
  "controller": "sac_det_perfect",
  "runoff_mode": "cascade",
  "budget_total": 484.0,
  "ub_mm_per_day": 12.0,
  "season_days": 93,
  "N_agents": 130,
  "initial_x1": 140.0,
  "initial_x5": 0.0,
  "seed": 0,
  "forecast_horizon": 0,
  "wallclock_seconds": 0.27598118782043457,
  "final_metrics": {
    "terminal_biomass_g_m2": 565.7196424118424,
    "yield_kg_ha": 2376.022498129738,
    "water_used_mm": 221.62270231246947,
    "wue_kg_ha_per_mm": 10.721024846902845,
    "budget_compliance": 1,
    "drought_days_per_agent": 68.95384615384616,
    "waterlog_days_per_agent": 9.23076923076923,
    "pond_days_per_agent": 0.0,
    "x5_max_mm": 0.0,
    "x5_mean_mm": 0.0,
    "spatial_equity_cv": 0.1652631724165332
  },
  "solve_times": [
    0.0,
    0.0,
    2.0089149475097656,
    0.0,
    0.0,
    0.0,
    2.061605453491211,
    0.0,
    0.0,
    0.0,
    3.5123825073242188,
    0.0,
    0.0,
    0.0,
    2.0051002502441406,
    0.0,
    0.0,
    0.0,
    0.0,
    1.9650459289550781,
    1.3747215270996094,
    2.8524398803710938,
    0.6756782531738281,
    0.0,
    1.7611980438232422,
    0.0,
    0.7472038269042969,
    0.6530284881591797,
    0.0,
    0.0,
    2.093791961669922,
    2.008676528930664,
    0.0,
    0.9894371032714844,
    0.0,
    2.006053924560547,
    1.0075569152832031,
    0.0,
    0.0,
    2.007007598876953,
    2.0368099212646484,
    2.0079612731933594,
    0.0,
    2.0067691802978516,
    0.0,
    0.5075931549072266,
    0.5521774291992188,
    1.463174819946289,
    0.0,
    2.241849899291992,
    2.0058155059814453,
    2.0062923431396484,
    2.0055770874023438,
    0.0,
    2.0055770874023438,
    1.7116069793701172,
    0.0,
    0.0,
    2.0058155059814453,
    0.0,
    0.0,
    0.0,
    2.0051002502441406,
    1.3785362243652344,
    0.0,
    2.006053924560547,
    0.0,
    2.0055770874023438,
    0.0,
    2.0046234130859375,
    2.0084381103515625,
    1.0063648223876953,
    1.6865730285644531,
    0.0,
    2.0072460174560547,
    2.00653076171875,
    0.0,
    2.005338668823242,
    0.0,
    1.905679702758789,
    0.0,
    0.6093978881835938,
    0.0,
    0.0,
    2.007722854614258,
    0.0,
    0.0,
    2.0055770874023438,
    1.0986328125,
    0.5064010620117188,
    1.506805419921875,
    2.0399093627929688,
    1.7423629760742188
  ],
  "solve_time_mean_ms": 0.9229003742176999,
  "solve_time_max_ms": 3.5123825073242188,
  "completed_at": "2026-05-13T08:14:27"
}