{
  "scenario": "wet",
  "year": 2024,
  "crop": "Rice",
  "controller": "mpc_perfect_Hp14",
  "runoff_mode": "cascade",
  "budget_total": 484.0,
  "ub_mm_per_day": 12.0,
  "season_days": 93,
  "N_agents": 130,
  "initial_x1": 140.0,
  "initial_x5": 0.0,
  "seed": 0,
  "forecast_horizon": 0,
  "wallclock_seconds": 5442.334569454193,
  "final_metrics": {
    "terminal_biomass_g_m2": 877.2177609640614,
    "yield_kg_ha": 3684.314596049058,
    "water_used_mm": 361.83716493386055,
    "wue_kg_ha_per_mm": 10.182244813692662,
    "budget_compliance": 1,
    "drought_days_per_agent": 7.023076923076923,
    "waterlog_days_per_agent": 35.96923076923077,
    "pond_days_per_agent": 4.123076923076923,
    "x5_max_mm": 22.106901761946137,
    "x5_mean_mm": 0.5037853091614448,
    "spatial_equity_cv": 0.0459887628494138
  },
  "solve_times": [
    26294.47913169861,
    11755.943775177002,
    20024.287223815918,
    55200.47473907471,
    51122.85017967224,
    51435.731649398804,
    10221.780776977539,
    15664.498805999756,
    48586.91382408142,
    9958.117961883545,
    17746.838092803955,
    11366.448402404785,
    40210.10637283325,
    8713.769435882568,
    29103.674173355103,
    13527.337312698364,
    40053.78603935242,
    9571.58350944519,
    64404.55174446106,
    15725.430250167847,
    91876.70516967773,
    67614.50147628784,
    8512.89987564087,
    6660.444498062134,
    10384.442567825317,
    90478.38568687439,
    115364.60995674133,
    12156.282186508179,
    13662.458419799805,
    192229.57134246826,
    219600.65412521362,
    53558.71868133545,
    93338.49835395813,
    67426.59258842468,
    40808.4032535553,
    79890.63572883606,
    92514.72020149231,
    20814.439296722412,
    50355.82447052002,
    64999.515533447266,
    228161.04793548584,
    9658.248901367188,
    25029.212474822998,
    33867.91181564331,
    67337.90564537048,
    158492.00892448425,
    107081.298828125,
    62218.268632888794,
    154320.0237751007,
    60858.097076416016,
    41087.58902549744,
    156136.17420196533,
    136948.33326339722,
    63864.776849746704,
    51052.753925323486,
    63714.14136886597,
    126104.00438308716,
    19402.351140975952,
    28539.865970611572,
    31181.111812591553,
    14820.085048675537,
    50066.88594818115,
    8974.539041519165,
    20617.573976516724,
    55661.0221862793,
    40910.9308719635,
    55951.86972618103,
    38298.48599433899,
    23822.39007949829,
    8398.008108139038,
    25114.712715148926,
    69778.99432182312,
    80969.51150894165,
    126176.4132976532,
    15341.592073440552,
    64698.15516471863,
    13487.89358139038,
    98919.90613937378,
    106376.83629989624,
    18315.069913864136,
    4812.068939208984,
    102309.81802940369,
    243786.65375709534,
    12134.913444519043,
    11514.774560928345,
    66238.38973045349,
    4740.753173828125,
    195747.01070785522,
    4660.376787185669,
    192143.57042312622,
    4246.984481811523,
    84607.20539093018,
    10524.700164794922
  ],
  "solve_time_mean_ms": 58517.850842527165,
  "solve_time_max_ms": 243786.65375709534,
  "completed_at": "2026-05-04T18:24:49"
}