{
  "scenario": "dry",
  "year": 2022,
  "crop": "Rice",
  "controller": "mpc_perfect_Hp14",
  "runoff_mode": "cascade",
  "budget_total": 484.0,
  "ub_mm_per_day": 12.0,
  "season_days": 93,
  "N_agents": 130,
  "initial_x1": 140.0,
  "initial_x5": 0.0,
  "seed": 0,
  "forecast_horizon": 0,
  "wallclock_seconds": 27361.143866300583,
  "final_metrics": {
    "terminal_biomass_g_m2": 1011.4709066904073,
    "yield_kg_ha": 4248.17780809971,
    "water_used_mm": 478.5537143436125,
    "wue_kg_ha_per_mm": 8.8771180345482,
    "budget_compliance": 1,
    "drought_days_per_agent": 3.276923076923077,
    "waterlog_days_per_agent": 21.592307692307692,
    "pond_days_per_agent": 0.0,
    "x5_max_mm": 0.0,
    "x5_mean_mm": 0.0,
    "spatial_equity_cv": 0.0003676002935203629
  },
  "solve_times": [
    92911.9119644165,
    358893.0871486664,
    26786.840677261353,
    280859.7364425659,
    283614.7367954254,
    12355.004787445068,
    192825.95825195312,
    30223.408699035645,
    10108.018636703491,
    95560.95123291016,
    69756.39033317566,
    6994.633197784424,
    7757.248878479004,
    15062.104225158691,
    282374.2485046387,
    245791.1868095398,
    135992.47288703918,
    100480.48496246338,
    6403.561353683472,
    5557.849407196045,
    5632.765293121338,
    67478.25479507446,
    9178.028106689453,
    53522.19843864441,
    38861.41538619995,
    8835.126161575317,
    43062.06750869751,
    7871.961355209351,
    5834.6264362335205,
    44038.30170631409,
    71478.74808311462,
    110507.94529914856,
    106948.81224632263,
    34310.107469558716,
    7864.669561386108,
    5915.666103363037,
    32227.63228416443,
    11526.510238647461,
    57398.149728775024,
    76917.97971725464,
    76615.6234741211,
    21533.719778060913,
    90195.36018371582,
    56926.8012046814,
    61490.08655548096,
    33790.398836135864,
    69591.91226959229,
    34699.84245300293,
    52469.465494155884,
    98430.60517311096,
    104712.32748031616,
    92383.92972946167,
    99275.65550804138,
    133051.46598815918,
    107898.68068695068,
    204381.38723373413,
    463838.1426334381,
    316726.0310649872,
    62119.361877441406,
    591019.2501544952,
    14926.403045654297,
    11324.714422225952,
    439487.00404167175,
    18206.62808418274,
    50788.83743286133,
    83052.57225036621,
    26463.034868240356,
    576085.9689712524,
    39639.36686515808,
    1298866.0542964935,
    24314.439296722412,
    176822.20602035522,
    992179.6097755432,
    24477.431297302246,
    361287.0280742645,
    32307.83724784851,
    37456.923484802246,
    264328.5267353058,
    122246.95777893066,
    23260.770559310913,
    81769.75727081299,
    460377.11334228516,
    263698.01664352417,
    103976.26423835754,
    201404.58846092224,
    30289.05749320984,
    15556291.318178177,
    56851.46713256836,
    52281.0423374176,
    35256.91890716553,
    17674.426794052124,
    45323.341369628906,
    7056.27965927124
  ],
  "solve_time_mean_ms": 294200.45973408606,
  "solve_time_max_ms": 15556291.318178177,
  "completed_at": "2026-04-28T11:09:33"
}