{
  "scenario": "wet",
  "year": 2024,
  "crop": "Rice",
  "controller": "mpc_perfect_Hp3",
  "runoff_mode": "cascade",
  "budget_total": 411.4,
  "ub_mm_per_day": 12.0,
  "season_days": 93,
  "N_agents": 130,
  "initial_x1": 140.0,
  "initial_x5": 0.0,
  "seed": 0,
  "forecast_horizon": 0,
  "wallclock_seconds": 446.936203956604,
  "final_metrics": {
    "terminal_biomass_g_m2": 873.6749618566951,
    "yield_kg_ha": 3669.434839798119,
    "water_used_mm": 318.4683947181479,
    "wue_kg_ha_per_mm": 11.522131868205182,
    "budget_compliance": 1,
    "drought_days_per_agent": 20.6,
    "waterlog_days_per_agent": 27.96923076923077,
    "pond_days_per_agent": 0.0,
    "x5_max_mm": 2.377301092107718,
    "x5_mean_mm": 0.0006615614754453272,
    "spatial_equity_cv": 0.012502439492422893
  },
  "solve_times": [
    1417.9878234863281,
    1227.0212173461914,
    1007.1001052856445,
    975.6605625152588,
    994.5688247680664,
    1417.938232421875,
    1267.4121856689453,
    1236.3359928131104,
    1226.3834476470947,
    1637.8493309020996,
    1807.2094917297363,
    1269.580602645874,
    1268.6762809753418,
    3749.4027614593506,
    1232.6838970184326,
    13081.985235214233,
    1067.3398971557617,
    25527.02569961548,
    14574.435472488403,
    986.2244129180908,
    871.1643218994141,
    916.9878959655762,
    891.533613204956,
    896.4564800262451,
    13985.87441444397,
    36636.93976402283,
    1911.0321998596191,
    990.1378154754639,
    45292.63377189636,
    2548.0778217315674,
    3339.6167755126953,
    4183.862686157227,
    1755.516767501831,
    9567.022323608398,
    16286.19647026062,
    6498.122692108154,
    1353.4646034240723,
    1319.8168277740479,
    1360.5542182922363,
    994.5213794708252,
    1476.656198501587,
    1512.8040313720703,
    1933.4745407104492,
    1614.203929901123,
    3930.8133125305176,
    4192.0506954193115,
    1286.9079113006592,
    22715.17038345337,
    2759.861707687378,
    929.2855262756348,
    1742.7706718444824,
    905.7431221008301,
    7975.214242935181,
    1004.8696994781494,
    1751.4166831970215,
    904.6971797943115,
    1586.1215591430664,
    7337.312459945679,
    4499.955177307129,
    1013.7631893157959,
    955.0721645355225,
    929.8219680786133,
    1056.2713146209717,
    1109.487533569336,
    1098.3121395111084,
    2540.858030319214,
    1689.574956893921,
    1631.4733028411865,
    2846.2226390838623,
    1989.4516468048096,
    2344.4061279296875,
    3677.5007247924805,
    2442.9891109466553,
    1156.0561656951904,
    2022.7656364440918,
    3804.588556289673,
    1871.5379238128662,
    4667.568922042847,
    3485.1229190826416,
    2247.711181640625,
    2293.550729751587,
    2950.122117996216,
    3084.76185798645,
    3445.8959102630615,
    8137.114524841309,
    16469.862461090088,
    21672.57022857666,
    6022.955656051636,
    3088.1993770599365,
    5610.629320144653,
    4114.563465118408,
    4860.09955406189,
    21528.81669998169
  ],
  "solve_time_mean_ms": 4800.982595771871,
  "solve_time_max_ms": 45292.63377189636,
  "completed_at": "2026-04-28T23:51:33"
}