{
  "scenario": "dry",
  "year": 2022,
  "crop": "Rice",
  "controller": "mpc_perfect_Hp8",
  "runoff_mode": "cascade",
  "budget_total": 484.0,
  "ub_mm_per_day": 12.0,
  "season_days": 93,
  "N_agents": 130,
  "initial_x1": 140.0,
  "initial_x5": 0.0,
  "seed": 0,
  "forecast_horizon": 0,
  "wallclock_seconds": 2176.257717370987,
  "final_metrics": {
    "terminal_biomass_g_m2": 993.7109950512227,
    "yield_kg_ha": 4173.5861792151345,
    "water_used_mm": 472.43625901506783,
    "wue_kg_ha_per_mm": 8.834178367080039,
    "budget_compliance": 1,
    "drought_days_per_agent": 5.223076923076923,
    "waterlog_days_per_agent": 0.7230769230769231,
    "pond_days_per_agent": 0.0,
    "x5_max_mm": 0.0,
    "x5_mean_mm": 0.0,
    "spatial_equity_cv": 0.0011301344676241851
  },
  "solve_times": [
    2004.3299198150635,
    2030.524492263794,
    1777.6308059692383,
    37519.952058792114,
    3500.4382133483887,
    4302.348852157593,
    18714.866638183594,
    9267.030954360962,
    30267.60458946228,
    8743.965148925781,
    18144.964933395386,
    7684.898376464844,
    22699.08881187439,
    19174.914360046387,
    2154.813528060913,
    6303.940057754517,
    10987.147808074951,
    19236.956119537354,
    3074.9642848968506,
    19264.352321624756,
    20037.858247756958,
    2890.213966369629,
    13655.342102050781,
    39309.2098236084,
    20499.98664855957,
    16181.230545043945,
    24201.26986503601,
    2560.0101947784424,
    10983.135223388672,
    2682.8269958496094,
    23921.622276306152,
    15584.84411239624,
    17279.690980911255,
    4705.528736114502,
    2296.5822219848633,
    35640.055894851685,
    12486.350536346436,
    22859.299659729004,
    2852.1053791046143,
    15758.002758026123,
    14483.243227005005,
    39544.169664382935,
    19934.59677696228,
    1921.7278957366943,
    11311.046600341797,
    25967.671871185303,
    2977.797746658325,
    3283.784866333008,
    32674.7407913208,
    21149.69301223755,
    4328.559637069702,
    3317.931652069092,
    2207.5531482696533,
    2255.8538913726807,
    46611.84096336365,
    14775.630235671997,
    2221.2884426116943,
    15766.716241836548,
    14936.80715560913,
    117011.95669174194,
    2204.8251628875732,
    76660.4061126709,
    18682.520151138306,
    4198.067188262939,
    125132.65419006348,
    153861.31644248962,
    161220.49570083618,
    75199.03922080994,
    77996.44160270691,
    19719.669342041016,
    3468.0612087249756,
    54052.2894859314,
    61197.078227996826,
    38412.62102127075,
    32606.342554092407,
    57483.680963516235,
    14010.59627532959,
    20735.92209815979,
    3306.1511516571045,
    11373.677015304565,
    10854.204177856445,
    3230.285167694092,
    11349.92241859436,
    2834.7322940826416,
    12550.084352493286,
    9689.895868301392,
    36920.21703720093,
    17249.923706054688,
    6047.903776168823,
    28072.78847694397,
    36911.35311126709,
    18789.860486984253,
    20072.84712791443
  ],
  "solve_time_mean_ms": 23398.04711905859,
  "solve_time_max_ms": 161220.49570083618,
  "completed_at": "2026-05-03T22:13:29"
}