{
  "scenario": "moderate",
  "year": 2020,
  "crop": "Rice",
  "controller": "mpc_perfect_Hp3",
  "runoff_mode": "cascade",
  "budget_total": 338.79999999999995,
  "ub_mm_per_day": 12.0,
  "season_days": 93,
  "N_agents": 130,
  "initial_x1": 140.0,
  "initial_x5": 0.0,
  "seed": 0,
  "forecast_horizon": 0,
  "wallclock_seconds": 436.02346777915955,
  "final_metrics": {
    "terminal_biomass_g_m2": 864.976022368536,
    "yield_kg_ha": 3632.8992939478508,
    "water_used_mm": 338.7999972980156,
    "wue_kg_ha_per_mm": 10.722843338018908,
    "budget_compliance": 1,
    "drought_days_per_agent": 56.10769230769231,
    "waterlog_days_per_agent": 0.0,
    "pond_days_per_agent": 0.0,
    "x5_max_mm": 0.0,
    "x5_mean_mm": 0.0,
    "spatial_equity_cv": 0.0027099848699925345
  },
  "solve_times": [
    1083.141803741455,
    1126.692533493042,
    947.380542755127,
    1172.8289127349854,
    958.397626876831,
    995.8815574645996,
    960.9477519989014,
    993.4647083282471,
    2126.2660026550293,
    1148.4003067016602,
    845.8058834075928,
    899.707555770874,
    1522.517442703247,
    1261.094331741333,
    1744.9414730072021,
    7261.629819869995,
    7882.20739364624,
    10686.290979385376,
    959.2382907867432,
    4573.693752288818,
    6951.492071151733,
    7720.276832580566,
    50541.01800918579,
    933.5372447967529,
    2284.639835357666,
    7707.232236862183,
    3986.192464828491,
    1989.893913269043,
    978.4135818481445,
    2833.8325023651123,
    22192.349672317505,
    955.0807476043701,
    926.3172149658203,
    1890.7639980316162,
    1835.0720405578613,
    54084.593534469604,
    1018.5699462890625,
    974.5340347290039,
    1019.974946975708,
    1929.8150539398193,
    1014.0283107757568,
    20911.027908325195,
    4574.889421463013,
    16397.026538848877,
    1034.724235534668,
    3382.518768310547,
    2228.6036014556885,
    871.0947036743164,
    16227.123498916626,
    872.1942901611328,
    902.700662612915,
    929.213285446167,
    1056.7245483398438,
    12870.76711654663,
    1001.4252662658691,
    910.0492000579834,
    1996.8833923339844,
    1582.3514461517334,
    11335.002899169922,
    30404.709577560425,
    1026.4708995819092,
    32470.146656036377,
    2263.3209228515625,
    1422.8096008300781,
    815.5779838562012,
    800.7738590240479,
    810.1041316986084,
    838.6294841766357,
    744.1525459289551,
    956.1293125152588,
    1023.6790180206299,
    990.748405456543,
    1068.4139728546143,
    987.9426956176758,
    1110.0385189056396,
    1232.2375774383545,
    1210.1449966430664,
    1268.561840057373,
    1251.802682876587,
    1259.5720291137695,
    2064.4309520721436,
    2112.2143268585205,
    2650.895833969116,
    1825.5794048309326,
    2089.125633239746,
    2589.9410247802734,
    1588.5062217712402,
    1909.433364868164,
    1801.0356426239014,
    1881.5927505493164,
    2304.2330741882324,
    2810.460090637207,
    3987.901449203491
  ],
  "solve_time_mean_ms": 4683.589184156028,
  "solve_time_max_ms": 54084.593534469604,
  "completed_at": "2026-04-28T23:37:49"
}