{
  "scenario": "dry",
  "year": 2022,
  "crop": "Rice",
  "controller": "mpc_perfect_Hp3",
  "runoff_mode": "cascade",
  "budget_total": 484.0,
  "ub_mm_per_day": 12.0,
  "season_days": 93,
  "N_agents": 130,
  "initial_x1": 140.0,
  "initial_x5": 0.0,
  "seed": 0,
  "forecast_horizon": 0,
  "wallclock_seconds": 372.5615816116333,
  "final_metrics": {
    "terminal_biomass_g_m2": 983.1465346832891,
    "yield_kg_ha": 4129.2154456698145,
    "water_used_mm": 464.26832508993914,
    "wue_kg_ha_per_mm": 8.894027919888554,
    "budget_compliance": 1,
    "drought_days_per_agent": 38.03846153846154,
    "waterlog_days_per_agent": 0.0,
    "pond_days_per_agent": 0.0,
    "x5_max_mm": 0.0,
    "x5_mean_mm": 0.0,
    "spatial_equity_cv": 0.0012650060209952042
  },
  "solve_times": [
    576.2560367584229,
    554.5775890350342,
    673.8851070404053,
    639.1568183898926,
    599.137544631958,
    655.0536155700684,
    526.7724990844727,
    747.1373081207275,
    554.3630123138428,
    539.5216941833496,
    1365.5965328216553,
    512.6147270202637,
    1417.7005290985107,
    1527.8663635253906,
    657.5863361358643,
    526.8521308898926,
    5420.233488082886,
    581.1553001403809,
    518.3415412902832,
    533.4253311157227,
    481.38880729675293,
    530.6785106658936,
    612.6987934112549,
    5734.358310699463,
    5939.740419387817,
    8308.944702148438,
    13640.460014343262,
    571.8202590942383,
    612.7533912658691,
    16518.356561660767,
    2014.7998332977295,
    888.9446258544922,
    824.2297172546387,
    832.0832252502441,
    4060.5852603912354,
    13677.81949043274,
    1025.700330734253,
    26544.366121292114,
    1940.0458335876465,
    966.3670063018799,
    1326.8909454345703,
    1002.2380352020264,
    983.4427833557129,
    958.3141803741455,
    16152.986288070679,
    1576.995849609375,
    967.5266742706299,
    947.2687244415283,
    34493.258476257324,
    20983.54458808899,
    1089.322566986084,
    27772.456645965576,
    12634.44972038269,
    2519.613027572632,
    1085.7930183410645,
    1353.0378341674805,
    1445.838451385498,
    1429.9025535583496,
    1517.760992050171,
    1005.9165954589844,
    16121.345520019531,
    8378.437280654907,
    1140.4087543487549,
    2399.247169494629,
    2077.094554901123,
    2600.109338760376,
    1138.5133266448975,
    976.3939380645752,
    2980.5946350097656,
    1184.9265098571777,
    2336.399793624878,
    28824.18966293335,
    977.3557186126709,
    979.5928001403809,
    3741.260766983032,
    964.7440910339355,
    1184.035062789917,
    453.49979400634766,
    532.5369834899902,
    492.60759353637695,
    577.1341323852539,
    528.2413959503174,
    734.7567081451416,
    551.2173175811768,
    5699.096441268921,
    16992.171049118042,
    646.1966037750244,
    521.9793319702148,
    976.3073921203613,
    2091.2673473358154,
    2162.079334259033,
    4583.570957183838,
    494.92573738098145
  ],
  "solve_time_mean_ms": 4001.528706601871,
  "solve_time_max_ms": 34493.258476257324,
  "completed_at": "2026-04-28T23:14:21"
}