{
  "scenario": "dry",
  "year": 2022,
  "crop": "Rice",
  "controller": "mpc_perfect_Hp8",
  "runoff_mode": "cascade",
  "budget_total": 484.0,
  "ub_mm_per_day": 12.0,
  "season_days": 93,
  "N_agents": 130,
  "initial_x1": 140.0,
  "initial_x5": 0.0,
  "seed": 0,
  "forecast_horizon": 0,
  "wallclock_seconds": 162.06525826454163,
  "final_metrics": {
    "terminal_biomass_g_m2": 913.4439125977799,
    "yield_kg_ha": 3836.4644329106754,
    "water_used_mm": 482.36746929926585,
    "wue_kg_ha_per_mm": 7.953406224685713,
    "budget_compliance": 1,
    "drought_days_per_agent": 11.0,
    "waterlog_days_per_agent": 76.0,
    "pond_days_per_agent": 0.0,
    "x5_max_mm": 0.0,
    "x5_mean_mm": 0.0,
    "spatial_equity_cv": 0.00018037749147800948
  },
  "solve_times": [
    1277.8425216674805,
    1072.3388195037842,
    1110.978126525879,
    1161.96870803833,
    1141.524314880371,
    1108.8659763336182,
    1137.0651721954346,
    1176.5668392181396,
    1191.7860507965088,
    1164.6018028259277,
    1197.8394985198975,
    1203.8564682006836,
    1180.8040142059326,
    1181.6596984863281,
    1216.9039249420166,
    1238.6887073516846,
    1420.701503753662,
    1616.1255836486816,
    1631.474494934082,
    1607.6490879058838,
    1566.99800491333,
    1571.5904235839844,
    2927.8712272644043,
    1616.2669658660889,
    1598.9835262298584,
    1571.1708068847656,
    1604.3734550476074,
    1621.6788291931152,
    1686.3372325897217,
    1645.8563804626465,
    1584.3174457550049,
    1577.1443843841553,
    1581.2220573425293,
    1607.0592403411865,
    1600.2917289733887,
    1618.55149269104,
    1609.651803970337,
    1610.6126308441162,
    1628.582239151001,
    1534.022331237793,
    1610.3262901306152,
    1688.3509159088135,
    1623.8811016082764,
    1599.9634265899658,
    1602.2086143493652,
    1597.4674224853516,
    1576.697826385498,
    1620.7711696624756,
    1611.1564636230469,
    1618.260383605957,
    1624.420166015625,
    1611.2499237060547,
    1621.8934059143066,
    1644.3891525268555,
    1581.857442855835,
    1590.1405811309814,
    1590.7769203186035,
    1598.0093479156494,
    1552.9792308807373,
    1600.6205081939697,
    1582.6120376586914,
    1533.8325500488281,
    1539.1628742218018,
    2861.955165863037,
    1512.65287399292,
    2604.146957397461,
    1935.1205825805664,
    1966.36962890625,
    3066.9798851013184,
    4499.524116516113,
    4317.946910858154,
    1688.7738704681396,
    3189.547061920166,
    2781.467914581299,
    2025.4120826721191,
    2044.093370437622,
    2031.4373970031738,
    2078.923225402832,
    2802.459239959717,
    2310.039758682251,
    1764.9610042572021,
    1874.8643398284912,
    1971.3594913482666,
    2013.4267807006836,
    1785.7856750488281,
    1749.3503093719482,
    1689.9855136871338,
    1696.1841583251953,
    1636.0983848571777,
    1587.0165824890137,
    1644.4811820983887,
    1651.5157222747803,
    1689.4152164459229
  ],
  "solve_time_mean_ms": 1738.6467277362783,
  "solve_time_max_ms": 4499.524116516113,
  "completed_at": "2026-05-03T12:58:46"
}