{
  "scenario": "moderate",
  "year": 2020,
  "crop": "Rice",
  "controller": "mpc_perfect_Hp14",
  "runoff_mode": "cascade",
  "budget_total": 484.0,
  "ub_mm_per_day": 12.0,
  "season_days": 93,
  "N_agents": 130,
  "initial_x1": 140.0,
  "initial_x5": 0.0,
  "seed": 0,
  "forecast_horizon": 0,
  "wallclock_seconds": 16960.785343170166,
  "final_metrics": {
    "terminal_biomass_g_m2": 976.7833821378969,
    "yield_kg_ha": 4102.490204979166,
    "water_used_mm": 476.22920087060993,
    "wue_kg_ha_per_mm": 8.61452888121785,
    "budget_compliance": 1,
    "drought_days_per_agent": 2.0,
    "waterlog_days_per_agent": 11.36923076923077,
    "pond_days_per_agent": 0.0,
    "x5_max_mm": 0.0,
    "x5_mean_mm": 0.0,
    "spatial_equity_cv": 0.0011639712009622791
  },
  "solve_times": [
    50298.5155582428,
    119979.33983802795,
    257736.9360923767,
    233641.08514785767,
    159499.1114139557,
    298138.751745224,
    145793.2949066162,
    80027.991771698,
    30299.8628616333,
    885555.1254749298,
    117298.6319065094,
    21840.84177017212,
    55946.52771949768,
    137115.06295204163,
    22055.696964263916,
    3317902.7166366577,
    20496.700763702393,
    34113.59262466431,
    476919.695854187,
    1059107.5937747955,
    438750.41484832764,
    462880.0992965698,
    96922.98674583435,
    460117.8526878357,
    89038.09881210327,
    140234.86924171448,
    180006.7961215973,
    302935.2865219116,
    196877.27117538452,
    92978.99532318115,
    22070.24073600769,
    36245.40114402771,
    241495.22852897644,
    190702.61454582214,
    280250.32782554626,
    303870.7146644592,
    369144.76203918457,
    355356.09221458435,
    227631.103515625,
    196894.51789855957,
    17060.299396514893,
    364401.59249305725,
    213049.8309135437,
    10021.08097076416,
    126118.5085773468,
    8558.108568191528,
    7154.083728790283,
    7190.4919147491455,
    7203.954458236694,
    7204.042196273804,
    7260.275363922119,
    92637.18342781067,
    61577.04162597656,
    9849.422216415405,
    11726.667404174805,
    10736.830234527588,
    76521.5277671814,
    17647.435188293457,
    16117.681503295898,
    45152.67753601074,
    14370.885133743286,
    39466.9406414032,
    11176.623821258545,
    45625.92005729675,
    10163.313150405884,
    421087.00251579285,
    101698.98891448975,
    290939.18561935425,
    101417.46354103088,
    190125.19359588623,
    13708.372354507446,
    330886.47079467773,
    11507.348775863647,
    302756.2348842621,
    10804.89182472229,
    364108.91008377075,
    306118.2789802551,
    79346.19474411011,
    246366.83750152588,
    161413.71154785156,
    52849.16353225708,
    89465.16466140747,
    71868.73054504395,
    103182.51657485962,
    52699.24211502075,
    65325.610399246216,
    106661.39221191406,
    8232.865333557129,
    9219.412326812744,
    6751.179933547974,
    5418.771028518677,
    5237.221479415894,
    5052.753210067749
  ],
  "solve_time_mean_ms": 182370.02448369097,
  "solve_time_max_ms": 3317902.7166366577,
  "completed_at": "2026-04-28T18:09:41"
}