{
  "scenario": "wet",
  "year": 2024,
  "crop": "Rice",
  "controller": "mpc_perfect_Hp14",
  "runoff_mode": "cascade",
  "budget_total": 484.0,
  "ub_mm_per_day": 12.0,
  "season_days": 93,
  "N_agents": 130,
  "initial_x1": 140.0,
  "initial_x5": 0.0,
  "seed": 0,
  "forecast_horizon": 0,
  "wallclock_seconds": 13232.690079450607,
  "final_metrics": {
    "terminal_biomass_g_m2": 871.1553968571232,
    "yield_kg_ha": 3658.852666799917,
    "water_used_mm": 347.4401859280434,
    "wue_kg_ha_per_mm": 10.530885070265546,
    "budget_compliance": 1,
    "drought_days_per_agent": 3.4461538461538463,
    "waterlog_days_per_agent": 41.83076923076923,
    "pond_days_per_agent": 0.0,
    "x5_max_mm": 0.10414695656928608,
    "x5_mean_mm": 4.480974287073648e-05,
    "spatial_equity_cv": 0.015084458932300343
  },
  "solve_times": [
    72242.77114868164,
    13338.59920501709,
    18166.98169708252,
    28969.295740127563,
    61236.76776885986,
    113620.46098709106,
    9175.223588943481,
    71972.25522994995,
    36503.90434265137,
    8095.1292514801025,
    66081.97212219238,
    10840.071439743042,
    9602.397680282593,
    69717.83423423767,
    113599.82967376709,
    91866.93906784058,
    15501.376628875732,
    106018.50533485413,
    16657.66954421997,
    232592.40174293518,
    23435.77289581299,
    16382.199764251709,
    9357.580661773682,
    188902.27484703064,
    12469.451427459717,
    81500.1380443573,
    81163.1977558136,
    101909.68346595764,
    211659.40690040588,
    308287.6796722412,
    12900.31361579895,
    22277.903079986572,
    111008.85725021362,
    48534.969091415405,
    11339.314937591553,
    16962.745666503906,
    28434.301614761353,
    320918.8575744629,
    21758.111715316772,
    45049.036264419556,
    133426.13792419434,
    63106.90379142761,
    59961.20285987854,
    108254.56857681274,
    40422.2948551178,
    58696.4168548584,
    255044.7883605957,
    78412.14799880981,
    22751.92165374756,
    21427.68621444702,
    33406.82125091553,
    62072.47185707092,
    37297.667264938354,
    192435.9006881714,
    158722.3925590515,
    49258.6624622345,
    89460.17694473267,
    174769.4046497345,
    180462.17346191406,
    482715.92235565186,
    336250.65779685974,
    240243.1972026825,
    710477.3211479187,
    122243.92890930176,
    288381.61540031433,
    411772.04847335815,
    97811.77973747253,
    151650.19297599792,
    151304.3088912964,
    390078.63903045654,
    383523.21338653564,
    240867.19799041748,
    31156.226634979248,
    583662.5642776489,
    327333.14323425293,
    450544.69537734985,
    197566.9882297516,
    394251.66034698486,
    170845.63660621643,
    152585.88337898254,
    12903.10549736023,
    624556.7796230316,
    508540.28058052063,
    11338.711500167847,
    9770.140886306763,
    188472.35131263733,
    8818.442106246948,
    93202.29411125183,
    5851.125001907349,
    113676.53203010559,
    255857.06305503845,
    413426.43213272095,
    11363.150596618652
  ],
  "solve_time_mean_ms": 142284.7865884022,
  "solve_time_max_ms": 710477.3211479187,
  "completed_at": "2026-05-05T06:58:46"
}