{
  "scenario": "wet",
  "year": 2024,
  "crop": "Rice",
  "controller": "mpc_perfect_Hp14",
  "runoff_mode": "cascade",
  "budget_total": 484.0,
  "ub_mm_per_day": 12.0,
  "season_days": 93,
  "N_agents": 130,
  "initial_x1": 140.0,
  "initial_x5": 0.0,
  "seed": 0,
  "forecast_horizon": 0,
  "wallclock_seconds": 11772.296330451965,
  "final_metrics": {
    "terminal_biomass_g_m2": 894.3070621168675,
    "yield_kg_ha": 3756.0896608908433,
    "water_used_mm": 319.5195300870314,
    "wue_kg_ha_per_mm": 11.755430598773577,
    "budget_compliance": 1,
    "drought_days_per_agent": 12.153846153846153,
    "waterlog_days_per_agent": 26.307692307692307,
    "pond_days_per_agent": 0.0,
    "x5_max_mm": 0.0,
    "x5_mean_mm": 0.0,
    "spatial_equity_cv": 0.005315084917691264
  },
  "solve_times": [
    20199.137926101685,
    91955.92713356018,
    9712.891340255737,
    15514.382123947144,
    47144.89197731018,
    42484.35020446777,
    17174.88932609558,
    44261.632680892944,
    13963.885068893433,
    88050.45223236084,
    68827.67987251282,
    16649.616479873657,
    7555.304765701294,
    17426.78666114807,
    54468.223094940186,
    16935.0643157959,
    15834.56039428711,
    38372.40743637085,
    21512.577533721924,
    285399.20353889465,
    107437.36362457275,
    12083.189249038696,
    11956.12382888794,
    12743.515491485596,
    328614.0308380127,
    9591.831922531128,
    272889.1680240631,
    60374.247550964355,
    112096.24028205872,
    36136.68775558472,
    154573.87781143188,
    101216.62187576294,
    32594.58875656128,
    45425.626039505005,
    60447.97587394714,
    44714.83540534973,
    58730.21340370178,
    48944.73099708557,
    35745.548486709595,
    93164.83640670776,
    119457.72361755371,
    99837.90683746338,
    192072.8075504303,
    11273.518800735474,
    12967.73648262024,
    70391.59989356995,
    290048.3868122101,
    41328.92942428589,
    12539.936065673828,
    99082.93795585632,
    81665.94529151917,
    69302.76560783386,
    102192.53420829773,
    530250.6945133209,
    27541.43500328064,
    12952.314138412476,
    127529.50930595398,
    292467.87095069885,
    228406.1279296875,
    102376.41215324402,
    48056.06698989868,
    349072.491645813,
    305652.0471572876,
    682553.8392066956,
    17265.1584148407,
    203253.30471992493,
    112654.5398235321,
    9951.68685913086,
    280240.5664920807,
    168242.5413131714,
    131471.89855575562,
    105722.40662574768,
    11572.062253952026,
    430021.8951702118,
    416271.20304107666,
    334862.91790008545,
    302815.27853012085,
    25661.93437576294,
    136773.3063697815,
    463445.6603527069,
    335153.0110836029,
    14956.105470657349,
    550287.2500419617,
    323241.63007736206,
    217571.18248939514,
    14732.932567596436,
    131119.82131004333,
    12680.24492263794,
    39108.68167877197,
    217021.59070968628,
    10150.805473327637,
    263586.93861961365,
    10202.778577804565
  ],
  "solve_time_mean_ms": 126580.49450638474,
  "solve_time_max_ms": 682553.8392066956,
  "completed_at": "2026-05-05T17:01:37"
}