{
  "scenario": "wet",
  "year": 2024,
  "crop": "Rice",
  "controller": "mpc_perfect_Hp3",
  "runoff_mode": "cascade",
  "budget_total": 338.79999999999995,
  "ub_mm_per_day": 12.0,
  "season_days": 93,
  "N_agents": 130,
  "initial_x1": 140.0,
  "initial_x5": 0.0,
  "seed": 0,
  "forecast_horizon": 0,
  "wallclock_seconds": 242.63230848312378,
  "final_metrics": {
    "terminal_biomass_g_m2": 880.6877212072068,
    "yield_kg_ha": 3698.8884290702686,
    "water_used_mm": 310.6551076748497,
    "wue_kg_ha_per_mm": 11.906736241213672,
    "budget_compliance": 1,
    "drought_days_per_agent": 23.29230769230769,
    "waterlog_days_per_agent": 25.376923076923077,
    "pond_days_per_agent": 0.0,
    "x5_max_mm": 0.0,
    "x5_mean_mm": 0.0,
    "spatial_equity_cv": 0.006999778848514294
  },
  "solve_times": [
    1289.0048027038574,
    1176.201343536377,
    827.3601531982422,
    976.250171661377,
    1042.3614978790283,
    1372.7974891662598,
    1177.065372467041,
    1183.8297843933105,
    1222.3975658416748,
    1365.7445907592773,
    1498.4676837921143,
    1165.2143001556396,
    1094.1884517669678,
    4296.874523162842,
    1003.7174224853516,
    1045.0994968414307,
    1005.3508281707764,
    7025.92658996582,
    22127.178192138672,
    1371.9234466552734,
    1047.8954315185547,
    1048.5026836395264,
    1048.6376285552979,
    1005.6619644165039,
    1662.4021530151367,
    4994.8883056640625,
    991.804838180542,
    1193.640947341919,
    20931.265830993652,
    1218.7950611114502,
    10093.202829360962,
    1176.1791706085205,
    4082.86452293396,
    1747.5478649139404,
    6260.2784633636475,
    1819.960355758667,
    1681.9517612457275,
    1898.770809173584,
    1390.3534412384033,
    1360.1922988891602,
    1574.0790367126465,
    1549.9200820922852,
    1595.461368560791,
    1613.274335861206,
    5274.641513824463,
    7663.029432296753,
    1716.9346809387207,
    1211.9815349578857,
    1242.5506114959717,
    1704.8814296722412,
    12037.327527999878,
    1147.5133895874023,
    15934.192895889282,
    1114.701509475708,
    1606.6949367523193,
    966.1684036254883,
    2305.7861328125,
    7237.374544143677,
    982.9373359680176,
    1001.7902851104736,
    951.6260623931885,
    980.7009696960449,
    959.9931240081787,
    1147.8393077850342,
    1275.5701541900635,
    2130.704164505005,
    1646.1730003356934,
    1624.455451965332,
    1428.480625152588,
    1922.546625137329,
    1159.5790386199951,
    978.6312580108643,
    971.9536304473877,
    1014.6479606628418,
    1429.0709495544434,
    1605.2896976470947,
    1537.555456161499,
    1499.894142150879,
    1589.8241996765137,
    12732.992887496948,
    1328.460454940796,
    1184.7591400146484,
    1178.015947341919,
    976.731538772583,
    1184.2846870422363,
    997.791051864624,
    1034.7862243652344,
    1009.7970962524414,
    990.2276992797852,
    1059.8833560943604,
    1010.5445384979248,
    1052.685260772705,
    1045.6783771514893
  ],
  "solve_time_mean_ms": 2602.62543155301,
  "solve_time_max_ms": 22127.178192138672,
  "completed_at": "2026-04-28T23:56:02"
}