{
  "scenario": "wet",
  "year": 2024,
  "crop": "Rice",
  "controller": "mpc_perfect_Hp14",
  "runoff_mode": "cascade",
  "budget_total": 484.0,
  "ub_mm_per_day": 12.0,
  "season_days": 93,
  "N_agents": 130,
  "initial_x1": 140.0,
  "initial_x5": 0.0,
  "seed": 0,
  "forecast_horizon": 0,
  "wallclock_seconds": 3685.084110021591,
  "final_metrics": {
    "terminal_biomass_g_m2": 807.736043163982,
    "yield_kg_ha": 3392.491381288724,
    "water_used_mm": 446.0438714149716,
    "wue_kg_ha_per_mm": 7.6057347689294,
    "budget_compliance": 1,
    "drought_days_per_agent": 1.6615384615384616,
    "waterlog_days_per_agent": 61.13846153846154,
    "pond_days_per_agent": 0.9230769230769231,
    "x5_max_mm": 40.781316390358384,
    "x5_mean_mm": 0.2913861523060574,
    "spatial_equity_cv": 0.07167607693493365
  },
  "solve_times": [
    41949.80788230896,
    70258.45241546631,
    25741.59860610962,
    134349.56431388855,
    11040.908813476562,
    70674.80611801147,
    31667.786359786987,
    96095.19004821777,
    10454.554080963135,
    61820.613622665405,
    52428.622245788574,
    20296.565532684326,
    18623.130321502686,
    18907.64594078064,
    50249.62306022644,
    22574.01204109192,
    117501.28722190857,
    80145.83015441895,
    8843.22714805603,
    7293.132543563843,
    246820.73736190796,
    9925.342082977295,
    26722.556591033936,
    19542.721271514893,
    18682.246685028076,
    18232.79643058777,
    24911.591291427612,
    119447.48783111572,
    14192.782402038574,
    14904.805183410645,
    13204.016208648682,
    36770.99943161011,
    32378.695249557495,
    41351.72152519226,
    54565.5882358551,
    50177.974462509155,
    34011.12365722656,
    26674.821615219116,
    89791.40448570251,
    13431.659460067749,
    35089.30277824402,
    88885.74123382568,
    15041.398286819458,
    15846.411943435669,
    22175.162315368652,
    10598.579168319702,
    12884.71269607544,
    22482.31792449951,
    106850.84056854248,
    38118.072271347046,
    55682.700872421265,
    22837.724685668945,
    27384.437084197998,
    15802.72364616394,
    43936.01179122925,
    36010.83946228027,
    29156.87084197998,
    179067.25406646729,
    37117.294788360596,
    17817.781925201416,
    9943.111658096313,
    11547.980308532715,
    56901.95345878601,
    20814.838409423828,
    8902.87184715271,
    46369.006633758545,
    55483.55746269226,
    15692.48080253601,
    51631.74390792847,
    5939.1374588012695,
    27100.882530212402,
    20496.633052825928,
    5609.808683395386,
    5802.226305007935,
    52937.1862411499,
    13417.864084243774,
    7874.835968017578,
    111777.86254882812,
    61734.69138145447,
    17592.78130531311,
    7832.200527191162,
    15569.33045387268,
    55810.85443496704,
    107158.1175327301,
    9096.659421920776,
    28762.187957763672,
    9219.268321990967,
    12193.645715713501,
    16977.158784866333,
    35449.96523857117,
    33838.125228881836,
    27662.036418914795,
    28202.502489089966
  ],
  "solve_time_mean_ms": 39621.36682643685,
  "solve_time_max_ms": 246820.73736190796,
  "completed_at": "2026-04-28T20:52:48"
}