{
  "scenario": "wet",
  "year": 2024,
  "crop": "Rice",
  "controller": "mpc_perfect_Hp8",
  "runoff_mode": "cascade",
  "budget_total": 484.0,
  "ub_mm_per_day": 12.0,
  "season_days": 93,
  "N_agents": 130,
  "initial_x1": 140.0,
  "initial_x5": 0.0,
  "seed": 0,
  "forecast_horizon": 0,
  "wallclock_seconds": 5057.328144311905,
  "final_metrics": {
    "terminal_biomass_g_m2": 857.4048500518794,
    "yield_kg_ha": 3601.100370217893,
    "water_used_mm": 366.3388037811805,
    "wue_kg_ha_per_mm": 9.829972509188197,
    "budget_compliance": 1,
    "drought_days_per_agent": 3.376923076923077,
    "waterlog_days_per_agent": 35.97692307692308,
    "pond_days_per_agent": 0.007692307692307693,
    "x5_max_mm": 6.622989956567753,
    "x5_mean_mm": 0.023352630770742743,
    "spatial_equity_cv": 0.038237765886650135
  },
  "solve_times": [
    4950.382471084595,
    4904.053449630737,
    5149.199962615967,
    5232.395648956299,
    4769.952297210693,
    5329.06436920166,
    6053.339958190918,
    36962.11338043213,
    8230.368852615356,
    57309.18908119202,
    8704.378128051758,
    4047.4164485931396,
    508132.408618927,
    138754.36282157898,
    8482.080221176147,
    10613.725423812866,
    6176.434755325317,
    67383.32271575928,
    92001.15156173706,
    40662.66059875488,
    14239.446878433228,
    37489.513874053955,
    67079.92458343506,
    42819.76652145386,
    22447.90291786194,
    4288.485050201416,
    8552.324295043945,
    30436.53631210327,
    34778.15294265747,
    5548.595428466797,
    104658.83564949036,
    6188.2500648498535,
    57307.244062423706,
    5524.567604064941,
    4869.036674499512,
    4630.256652832031,
    4737.803936004639,
    6856.299638748169,
    5763.898611068726,
    19491.16349220276,
    27925.85062980652,
    68906.69655799866,
    20570.472478866577,
    28568.323373794556,
    35151.740074157715,
    42912.86039352417,
    75565.33479690552,
    5927.493095397949,
    53694.886684417725,
    376093.638420105,
    28501.00040435791,
    4445.420742034912,
    8893.033981323242,
    27065.168142318726,
    38690.3281211853,
    31330.55591583252,
    86820.58191299438,
    3937.664270401001,
    33136.7666721344,
    28177.49285697937,
    14803.914785385132,
    25689.008474349976,
    251604.74967956543,
    67985.7325553894,
    44325.72388648987,
    16840.641021728516,
    34785.34388542175,
    12423.762559890747,
    26507.24720954895,
    17016.713619232178,
    22834.818124771118,
    32343.761920928955,
    16029.052257537842,
    18704.68282699585,
    20286.10610961914,
    7776.915788650513,
    18132.646799087524,
    15308.516025543213,
    112512.54272460938,
    100678.49040031433,
    36837.908029556274,
    135613.72661590576,
    40586.67063713074,
    122432.41381645203,
    52576.13015174866,
    44549.59416389465,
    62880.41400909424,
    142742.72346496582,
    356193.7243938446,
    113792.87624359131,
    169920.9818840027,
    246713.02962303162,
    117124.09710884094
  ],
  "solve_time_mean_ms": 54370.171787918254,
  "solve_time_max_ms": 508132.408618927,
  "completed_at": "2026-04-27T16:38:21"
}