{
  "scenario": "wet",
  "year": 2024,
  "crop": "Rice",
  "controller": "mpc_perfect_Hp14",
  "runoff_mode": "cascade",
  "budget_total": 484.0,
  "ub_mm_per_day": 12.0,
  "season_days": 93,
  "N_agents": 130,
  "initial_x1": 140.0,
  "initial_x5": 0.0,
  "seed": 0,
  "forecast_horizon": 0,
  "wallclock_seconds": 10875.748641490936,
  "final_metrics": {
    "terminal_biomass_g_m2": 898.4993707932304,
    "yield_kg_ha": 3773.697357331567,
    "water_used_mm": 321.45120603422174,
    "wue_kg_ha_per_mm": 11.739565092593924,
    "budget_compliance": 1,
    "drought_days_per_agent": 10.792307692307693,
    "waterlog_days_per_agent": 21.130769230769232,
    "pond_days_per_agent": 0.0,
    "x5_max_mm": 0.0,
    "x5_mean_mm": 0.0,
    "spatial_equity_cv": 0.004619067255917778
  },
  "solve_times": [
    13973.338842391968,
    39027.565240859985,
    56197.84665107727,
    11432.575941085815,
    15481.613636016846,
    17999.49812889099,
    72810.15229225159,
    49784.831523895264,
    14247.102975845337,
    11963.603734970093,
    155257.83586502075,
    65192.52133369446,
    14089.346170425415,
    10134.12356376648,
    61023.82826805115,
    76037.517786026,
    17132.1439743042,
    23872.795343399048,
    65484.15946960449,
    24007.725954055786,
    57398.10585975647,
    51751.66201591492,
    61627.07424163818,
    104086.73000335693,
    244391.63064956665,
    38860.10956764221,
    58563.748598098755,
    117011.15369796753,
    36947.7813243866,
    49799.79085922241,
    26915.717363357544,
    186827.98600196838,
    86383.81481170654,
    28657.69648551941,
    31186.1412525177,
    13466.700315475464,
    65249.59945678711,
    12884.310483932495,
    39223.65355491638,
    58370.6636428833,
    100423.6466884613,
    11111.70220375061,
    38231.79841041565,
    22054.773330688477,
    18307.485103607178,
    59094.096660614014,
    14647.43423461914,
    109237.21575737,
    61153.56683731079,
    75509.17601585388,
    50082.61752128601,
    84088.35983276367,
    49993.048906326294,
    50566.53904914856,
    94096.92120552063,
    86883.68487358093,
    58609.495639801025,
    214082.11660385132,
    76317.62456893921,
    51555.636405944824,
    251023.35262298584,
    921052.7091026306,
    467734.2863082886,
    40413.20610046387,
    388811.1262321472,
    71258.58116149902,
    73592.50688552856,
    120528.01656723022,
    318001.26123428345,
    48801.41830444336,
    255665.57025909424,
    107011.6617679596,
    140957.9861164093,
    149426.1920452118,
    270197.06988334656,
    266293.9832210541,
    231621.98328971863,
    137406.14867210388,
    213879.83918190002,
    247137.15171813965,
    566001.3675689697,
    279737.4494075775,
    163131.99710845947,
    193831.89988136292,
    199003.02505493164,
    320268.24021339417,
    218608.82019996643,
    11518.43285560608,
    83300.45318603516,
    149828.7057876587,
    387357.5520515442,
    7905.112743377686,
    63464.28465843201
  ],
  "solve_time_mean_ms": 116941.64008735328,
  "solve_time_max_ms": 921052.7091026306,
  "completed_at": "2026-05-04T23:26:12"
}