{
  "scenario": "dry",
  "year": 2022,
  "crop": "Rice",
  "controller": "mpc_perfect_Hp8",
  "runoff_mode": "cascade",
  "budget_total": 484.0,
  "ub_mm_per_day": 12.0,
  "season_days": 93,
  "N_agents": 130,
  "initial_x1": 140.0,
  "initial_x5": 0.0,
  "seed": 0,
  "forecast_horizon": 0,
  "wallclock_seconds": 300.2372672557831,
  "final_metrics": {
    "terminal_biomass_g_m2": 355.8666593084482,
    "yield_kg_ha": 1494.6399690954827,
    "water_used_mm": 6.003299648530639,
    "wue_kg_ha_per_mm": 248.96974274161195,
    "budget_compliance": 1,
    "drought_days_per_agent": 87.0,
    "waterlog_days_per_agent": 0.0,
    "pond_days_per_agent": 0.0,
    "x5_max_mm": 0.0,
    "x5_mean_mm": 0.0,
    "spatial_equity_cv": 0.00010516309245588183
  },
  "solve_times": [
    3358.0026626586914,
    4366.548299789429,
    4267.224550247192,
    4599.9414920806885,
    3982.5284481048584,
    4541.962146759033,
    4294.513940811157,
    3127.17342376709,
    2799.7543811798096,
    3804.4111728668213,
    3174.299716949463,
    2829.9241065979004,
    2716.6149616241455,
    3130.9661865234375,
    2932.645797729492,
    3113.9345169067383,
    3216.197729110718,
    3189.3551349639893,
    2663.245916366577,
    3159.329891204834,
    3119.311571121216,
    2804.2845726013184,
    2752.974510192871,
    3095.089912414551,
    2846.825361251831,
    2792.7472591400146,
    3120.5785274505615,
    2819.2102909088135,
    2885.045289993286,
    2853.132724761963,
    2829.517602920532,
    2882.7359676361084,
    2752.3508071899414,
    3260.707378387451,
    2846.9796180725098,
    3393.4526443481445,
    3213.7043476104736,
    2897.9268074035645,
    2961.4109992980957,
    2903.7766456604004,
    2884.2129707336426,
    2923.837423324585,
    2887.4707221984863,
    3125.948905944824,
    3332.937479019165,
    4340.435028076172,
    4191.0719871521,
    2922.027349472046,
    4523.3259201049805,
    4080.488920211792,
    4094.973087310791,
    4074.615240097046,
    4291.507720947266,
    4203.969478607178,
    4026.5049934387207,
    4039.2353534698486,
    2920.7870960235596,
    2881.3483715057373,
    2850.5444526672363,
    2913.386106491089,
    2871.2260723114014,
    2820.6140995025635,
    3922.3692417144775,
    2833.672046661377,
    2839.242696762085,
    2743.136167526245,
    3035.186529159546,
    2920.4463958740234,
    3320.533037185669,
    3278.106689453125,
    2913.7089252471924,
    3298.187255859375,
    3603.125810623169,
    2859.996795654297,
    2860.720634460449,
    3362.6744747161865,
    2974.489450454712,
    3290.992021560669,
    3260.9527111053467,
    3276.585340499878,
    3409.533739089966,
    2888.752222061157,
    2879.041910171509,
    2888.559579849243,
    2879.098892211914,
    2815.0103092193604,
    2824.8801231384277,
    2913.9699935913086,
    2802.95467376709,
    2889.4355297088623,
    3008.402109146118,
    2841.0489559173584,
    2860.246419906616
  ],
  "solve_time_mean_ms": 3225.762008338846,
  "solve_time_max_ms": 4599.9414920806885,
  "completed_at": "2026-05-03T14:18:50"
}