{
  "scenario": "dry",
  "year": 2022,
  "crop": "Rice",
  "controller": "mpc_perfect_Hp8",
  "runoff_mode": "cascade",
  "budget_total": 484.0,
  "ub_mm_per_day": 12.0,
  "season_days": 93,
  "N_agents": 130,
  "initial_x1": 140.0,
  "initial_x5": 0.0,
  "seed": 0,
  "forecast_horizon": 0,
  "wallclock_seconds": 2454.689874649048,
  "final_metrics": {
    "terminal_biomass_g_m2": 997.9365792115958,
    "yield_kg_ha": 4191.333632688702,
    "water_used_mm": 474.20652013843613,
    "wue_kg_ha_per_mm": 8.838625060374785,
    "budget_compliance": 1,
    "drought_days_per_agent": 2.7,
    "waterlog_days_per_agent": 0.9769230769230769,
    "pond_days_per_agent": 0.0,
    "x5_max_mm": 0.0,
    "x5_mean_mm": 0.0,
    "spatial_equity_cv": 0.001424460778923238
  },
  "solve_times": [
    2352.0827293395996,
    3256.1419010162354,
    34981.05192184448,
    56894.28448677063,
    12137.14575767517,
    12468.154430389404,
    31920.31478881836,
    12865.864276885986,
    15980.836868286133,
    19890.979528427124,
    2673.335075378418,
    11157.288551330566,
    15428.95531654358,
    7180.66930770874,
    21457.49807357788,
    5385.2574825286865,
    13125.280618667603,
    5293.747186660767,
    11290.24863243103,
    6445.27268409729,
    18929.02660369873,
    38225.55232048035,
    26313.586235046387,
    15877.337455749512,
    84899.06167984009,
    18933.093070983887,
    1869.6863651275635,
    17307.928800582886,
    26479.557991027832,
    12612.107515335083,
    15728.644847869873,
    21730.88812828064,
    18478.506088256836,
    16215.307235717773,
    2692.640781402588,
    17875.1699924469,
    2437.1273517608643,
    9000.052452087402,
    1842.0920372009277,
    2867.604970932007,
    3680.417537689209,
    21372.1444606781,
    67051.07092857361,
    2139.676094055176,
    2010.3075504302979,
    14195.243835449219,
    8768.551349639893,
    8705.371618270874,
    11185.706377029419,
    21511.77740097046,
    3267.8754329681396,
    3170.9771156311035,
    1837.58544921875,
    22524.487257003784,
    1839.432954788208,
    12368.81160736084,
    47754.12678718567,
    2733.893871307373,
    38705.04426956177,
    102585.60681343079,
    2508.4047317504883,
    138329.1072845459,
    160466.94087982178,
    97421.52285575867,
    2147.2558975219727,
    118355.48305511475,
    66281.18562698364,
    73115.0848865509,
    102299.6575832367,
    2776.2277126312256,
    2849.9135971069336,
    18564.208984375,
    43290.63868522644,
    26318.593978881836,
    90499.9270439148,
    2259.248971939087,
    105018.2375907898,
    2324.9645233154297,
    14895.490169525146,
    19025.979042053223,
    20830.37805557251,
    27381.29425048828,
    4969.682931900024,
    6803.521394729614,
    7345.584869384766,
    16492.94114112854,
    3655.7445526123047,
    30356.905221939087,
    34473.79422187805,
    82553.63845825195,
    14893.59974861145,
    6763.923645019531,
    39246.66142463684
  ],
  "solve_time_mean_ms": 26391.64766957683,
  "solve_time_max_ms": 160466.94087982178,
  "completed_at": "2026-05-03T15:22:22"
}